,0,1
0,126.9706497,37.58411617
1,126.9688461,37.57618697
2,126.9817583,37.58499778
3,126.964061,37.5924143
4,126.9683578,37.6063917
5,126.9582457,37.57598547
6,126.9619472,37.57198631
7,126.9847845,37.58009681
8,127.0043381,37.57699468
9,127.0006069,37.58686244
10,127.0163773,37.57073712
11,127.0149456,37.577884
12,127.015609,37.57781904
13,127.019969,37.57487754
14,126.9770644,37.56242885
15,126.9793567,37.55729359
16,126.9858117,37.56004799
17,126.9955995,37.56016408
18,127.0078594,37.56191184
19,127.0050527,37.56443118
20,126.9913523,37.56669787
21,127.0144422,37.56201393
22,127.0083023,37.5543182
23,127.0090037,37.55243326
24,127.0147219,37.55705661
25,127.021877,37.56513204
26,127.0194308,37.55998597
27,127.0214158,37.56749994
28,126.9644367,37.55478887
29,126.9781505,37.54867983
30,126.9855699,37.54613294
31,126.9748833,37.5457239
32,126.9698637,37.5454308
33,126.9677127,37.53732845
34,126.9515302,37.53436042
35,126.9618989,37.54245881
36,126.9576011,37.5389002
37,126.9691149,37.52813771
38,126.9733168,37.52139653
39,126.9546759,37.52625987
40,126.9950988,37.532507
41,126.9901964,37.54190232
42,127.0005521,37.53462986
43,126.9946381,37.52046238
44,127.0001697,37.52627217
45,127.0305048,37.56110807
46,127.0255316,37.56788114
47,127.0453258,37.56637955
48,127.0453273,37.56149975
49,127.0362034,37.55850438
50,127.0293402,37.55826482
51,127.0334168,37.55316049
52,127.0216431,37.5548499
53,127.0224013,37.54719127
54,127.0134361,37.54358774
55,127.0496516,37.5420797
56,127.0443133,37.54636247
57,127.0540356,37.53955498
58,127.0552278,37.54821483
59,127.0695691,37.55453226
60,127.0555791,37.56407582
61,127.0713676,37.54647626
62,127.0759028,37.55514464
63,127.0800508,37.56066681
64,127.0815263,37.56028739
65,127.0802089,37.56879369
66,127.0894475,37.55907792
67,127.0805369,37.55377926
68,127.1030268,37.54685743
69,127.0823807,37.53451463
70,127.0844154,37.52884409
71,127.0729033,37.53383249
72,127.0663052,37.53407425
73,127.0856754,37.54241225
74,127.0898996,37.54724567
75,127.0919613,37.53798181
76,127.0372623,37.57580317
77,127.0378184,37.58311546
78,127.0477045,37.57802307
79,127.0600226,37.57804268
80,127.0512742,37.5717903
81,127.0612863,37.5673274
82,127.0664403,37.56778772
83,127.0706147,37.57845848
84,127.0472897,37.58625111
85,127.0553725,37.5907886
86,127.0657912,37.59296725
87,127.0686148,37.5901059
88,127.0655056,37.59782195
89,127.065121,37.60339389
90,127.0790313,37.58978764
91,127.0856082,37.57470403
92,127.0794845,37.58579053
93,127.0874885,37.58728052
94,127.0869853,37.57901338
95,127.0872134,37.59984775
96,127.0808735,37.59299122
97,127.080674,37.60117145
98,127.0795442,37.59938466
99,127.0784844,37.61241368
100,127.0783123,37.60602037
101,127.1014146,37.60053197
102,127.0949172,37.59189867
103,127.0994967,37.60587467
104,127.0941789,37.60624664
105,127.0032723,37.59104481
106,127.0146742,37.59083671
107,127.0204157,37.59398933
108,127.0263863,37.60341972
109,127.0105809,37.59801625
110,127.0213418,37.58581717
111,127.0228234,37.5803803
112,127.0166558,37.60144652
113,127.011139,37.60449252
114,127.0041904,37.60892945
115,127.0069995,37.6133766
116,127.0195028,37.61039832
117,127.0273116,37.60669551
118,127.0352174,37.59901698
119,127.0357756,37.61055309
120,127.0478865,37.60579157
121,127.0437305,37.61403904
122,127.0545186,37.61240556
123,127.0566058,37.61654912
124,127.0614008,37.61298602
125,127.018388,37.62732626
126,127.0270608,37.62708313
127,127.0337938,37.61612899
128,127.023868,37.6183082
129,127.020759,37.61518777
130,127.0288457,37.63789093
131,127.0387882,37.63233801
132,127.0466079,37.62584808
133,127.0176092,37.63005817
134,127.0199332,37.64466097
135,127.0231539,37.63871389
136,127.0118979,37.64793082
137,127.0106324,37.64143305
138,127.0357286,37.64970275
139,127.0356566,37.64137768
140,127.0429402,37.63814072
141,127.051538,37.65223768
142,127.0435853,37.65630431
143,127.0434215,37.67867932
144,127.0465492,37.66971519
145,127.0260757,37.64799612
146,127.0388446,37.65793314
147,127.0279344,37.64896605
148,127.0284268,37.65646932
149,127.0406794,37.66423579
150,127.0349826,37.66824878
151,127.0280335,37.65915794
152,127.0630013,37.61989035
153,127.0507426,37.63248845
154,127.0692594,37.62101488
155,127.0738462,37.62482147
156,127.0832965,37.62130854
157,127.0725815,37.64054626
158,127.0679782,37.63204009
159,127.0803075,37.64782841
160,127.0775022,37.65254783
161,127.0779892,37.65876068
162,127.0549489,37.67990705
163,127.0678858,37.65747582
164,127.0694072,37.66296822
165,127.0515707,37.66675067
166,127.0638415,37.66452826
167,127.0602754,37.66126138
168,126.92992,37.60221616
169,126.9320869,37.61035877
170,126.9257273,37.62085325
171,126.9167417,37.6236223
172,126.9158457,37.61855451
173,126.9103762,37.61175703
174,126.9208251,37.61418996
175,126.9267869,37.60069699
176,126.9230743,37.59460033
177,126.9157349,37.59224193
178,126.9151233,37.60439766
179,126.9117699,37.59779274
180,126.9082009,37.59024061
181,126.9070398,37.58430306
182,126.8936722,37.58352053
183,126.9210659,37.63496688
184,126.959077,37.571124
185,126.9569012,37.55956524
186,126.9547137,37.56481724
187,126.9435053,37.55954878
188,126.9352308,37.57391001
189,126.9449514,37.58771636
190,126.9497434,37.59378218
191,126.9493907,37.58615062
192,126.9471083,37.59891668
193,126.9342291,37.58015154
194,126.9197863,37.57327343
195,126.9238653,37.57843343
196,126.9101857,37.57427924
197,126.911205,37.58150598
198,126.9521964,37.54705758
199,126.9600345,37.55017435
200,126.9498735,37.54154971
201,126.942776,37.54227449
202,126.9423809,37.55584694
203,126.9456557,37.54706196
204,126.9352269,37.54702066
205,126.9320306,37.54774687
206,126.9145907,37.55510931
207,126.9117564,37.55166181
208,126.9056042,37.55559622
209,126.9023251,37.56031117
210,126.9220209,37.56447671
211,126.9078898,37.56338624
212,126.9089971,37.56865612
213,126.8946894,37.57832091
214,126.8711388,37.53035368
215,126.8717,37.5461326
216,126.8644559,37.54473336
217,126.8684085,37.53246982
218,126.8817175,37.53717812
219,126.8315359,37.5328014
220,126.8445812,37.52498058
221,126.8290539,37.53367361
222,126.8400387,37.52466457
223,126.8271871,37.53856872
224,126.8450843,37.5180147
225,126.8347279,37.52188578
226,126.8542718,37.51853816
227,126.8707009,37.51922043
228,126.8547976,37.5151186
229,126.8557409,37.52455866
230,126.8643521,37.51704009
231,126.8596854,37.5143947
232,126.8709853,37.55373624
233,126.8589219,37.55584159
234,126.8624952,37.54266601
235,126.847922,37.55888051
236,126.8415991,37.53039164
237,126.854496,37.53181559
238,126.8384119,37.54252739
239,126.8608717,37.53462629
240,126.8476693,37.54404616
241,126.8500753,37.55181585
242,126.84836,37.53262598
243,126.8447287,37.56949729
244,126.8512552,37.56737214
245,126.8605374,37.56105848
246,126.8332647,37.55309795
247,126.8417945,37.54819745
248,126.8101091,37.5588726
249,126.8170529,37.57034422
250,126.8067388,37.566713
251,126.81355,37.57874321
252,126.8806102,37.50778091
253,126.8758053,37.49301388
254,126.8834994,37.49139269
255,126.8903306,37.4873483
256,126.8891619,37.4916288
257,126.8893529,37.50012367
258,126.8897181,37.48253275
259,126.8627629,37.50035526
260,126.8586118,37.50671146
261,126.8511464,37.50026551
262,126.8620309,37.49250845
263,126.8538522,37.48599694
264,126.8451232,37.49702856
265,126.8395045,37.48885794
266,126.8314786,37.49388159
267,126.8917795,37.47687632
268,126.8970434,37.47022076
269,126.9035367,37.46316592
270,126.9031821,37.47514907
271,126.902152,37.46754729
272,126.9032507,37.45353927
273,126.9149053,37.44955855
274,126.9057809,37.44027839
275,126.9061959,37.45904503
276,126.9083063,37.45240442
277,126.9093523,37.51465049
278,126.9107084,37.52037469
279,126.9346075,37.51760444
280,126.8973845,37.52497339
281,126.8973129,37.53100283
282,126.8959445,37.50943884
283,126.8994856,37.51711125
284,126.8882412,37.52367847
285,126.8940377,37.53649965
286,126.9214137,37.51114521
287,126.9077811,37.50730879
288,126.911373,37.50843509
289,126.9052243,37.50162593
290,126.9194366,37.49849377
291,126.9214775,37.50637353
292,126.9058337,37.49546714
293,126.8982563,37.49275423
294,126.898052,37.49830606
295,126.9420162,37.5123068
296,126.9373593,37.50850579
297,126.9530735,37.49810827
298,126.942311,37.50546652
299,126.9313418,37.49920407
300,126.941402,37.49937527
301,126.9665908,37.50577502
302,126.9786716,37.48315533
303,126.9792534,37.4887525
304,126.9720854,37.48662464
305,126.9716308,37.48095899
306,126.9670158,37.48562502
307,126.9263435,37.50816426
308,126.9100482,37.48894713
309,126.9245256,37.49840342
310,126.9327856,37.48815135
311,126.9586363,37.49182132
312,126.9481353,37.48954303
313,126.9570868,37.48061583
314,126.9584052,37.47629145
315,126.9416756,37.47909553
316,126.9425029,37.48537777
317,126.9497897,37.48418815
318,126.9778465,37.47456676
319,126.9313776,37.47976395
320,126.9273284,37.48157076
321,126.9349816,37.47501226
322,126.9192441,37.48296928
323,126.9271237,37.48741277
324,126.9187891,37.4615015
325,126.9078173,37.48251221
326,126.9369705,37.4706092
327,126.9329736,37.47014569
328,126.915576,37.47620735
329,126.9216546,37.47102532
330,127.0195314,37.49014656
331,127.0250761,37.49213945
332,127.0120075,37.48370806
333,127.0221698,37.50268451
334,127.0141028,37.51491869
335,126.9860356,37.50044136
336,127.0133771,37.50509061
337,126.994499,37.50463714
338,127.0056101,37.512047
339,127.0003076,37.49746886
340,126.9888864,37.49421751
341,126.9944915,37.48336796
342,126.9855793,37.4797812
343,126.9999955,37.47842245
344,126.9924829,37.48906042
345,127.0267288,37.47163933
346,127.0412887,37.47063322
347,127.0582493,37.44936579
348,127.0227745,37.52398503
349,127.0285527,37.51147064
350,127.0373509,37.51739138
351,127.0308092,37.53066864
352,127.049233,37.52502753
353,127.0625279,37.51439121
354,127.0460683,37.51126148
355,127.0567659,37.49324572
356,127.0641645,37.5022592
357,127.0577479,37.49972889
358,127.0332011,37.49541711
359,127.0468392,37.49596391
360,127.0389691,37.4883046
361,127.0463838,37.4837284
362,127.0556386,37.48270446
363,127.0691336,37.48982431
364,127.0516222,37.47884997
365,127.1068889,37.46904956
366,127.0864988,37.483313
367,127.0880692,37.49187863
368,127.0736996,37.49217318
369,127.105004,37.48888786
370,127.1220812,37.53808066
371,127.1157313,37.52923923
372,127.1432652,37.49697834
373,127.1469088,37.49352121
374,127.1499714,37.49601856
375,127.1485437,37.49684928
376,127.1239191,37.51098021
377,127.1113215,37.51638796
378,127.1343057,37.51541621
379,127.1281017,37.50297483
380,127.109317,37.50622291
381,127.1167664,37.50233785
382,127.1036674,37.50356463
383,127.0925197,37.50272334
384,127.1217677,37.49558427
385,127.1098546,37.49650236
386,127.1266401,37.49869843
387,127.1241832,37.49013517
388,127.1109124,37.48989519
389,127.132509,37.48702126
390,127.144257,37.48114824
391,127.0843265,37.50615329
392,127.0885406,37.51191664
393,127.0943833,37.51332489
394,127.1122265,37.52023619
395,127.1006605,37.51812746
396,127.0769664,37.50866852
397,127.1739197,37.56494469
398,127.146072,37.54980154
399,127.1513713,37.54633593
400,127.1514975,37.55725946
401,127.164366,37.56052548
402,127.1325744,37.55145458
403,127.1272413,37.55174877
404,127.1407235,37.55506716
405,127.136821,37.54495534
406,127.1254303,37.54345071
407,127.1331231,37.53610184
408,127.1224218,37.53047946
409,127.1295572,37.53243964
410,127.1328993,37.52605684
411,127.1427123,37.53448686
412,127.1419612,37.53333359
413,127.1419635,37.533348
414,129.0353391,35.10131808
415,129.0345748,35.10497886
416,129.0310908,35.10422264
417,129.0246547,35.10620839
418,129.0265388,35.10036612
419,129.030393,35.09996277
420,129.0316806,35.09741429
421,129.0350301,35.11111722
422,129.031817,35.11156405
423,129.0202185,35.10961588
424,129.0232229,35.11296589
425,129.0172577,35.11442431
426,129.0144443,35.11107368
427,129.0119393,35.11347458
428,129.0117787,35.11925559
429,129.0184217,35.10381611
430,129.0154024,35.10019135
431,129.0202899,35.09598078
432,129.0215856,35.09800845
433,129.0233131,35.09274919
434,129.0205431,35.08446851
435,129.0209682,35.07992309
436,129.0350301,35.11111722
437,129.0384902,35.11653458
438,129.0422567,35.12541798
439,129.0406844,35.12710983
440,129.049126,35.13139929
441,129.0491003,35.14131437
442,129.0491003,35.14131437
443,129.0491003,35.14131437
444,129.0316806,35.09741429
445,129.0483031,35.08880767
446,129.0483031,35.08880767
447,129.0483031,35.08880767
448,129.0483031,35.08880767
449,129.0483031,35.08880767
450,129.0657393,35.09191458
451,129.0686483,35.08467363
452,129.0686483,35.08467363
453,129.0630057,35.16351367
454,129.0567916,35.15258915
455,129.05284,35.17278456
456,129.0472783,35.18137849
457,129.0687244,35.17214294
458,129.0757233,35.17288466
459,129.0674009,35.15437304
460,129.0662126,35.16170354
461,129.0485761,35.16328643
462,129.0397223,35.16908078
463,129.0356699,35.16448093
464,129.0478699,35.15788057
465,129.0333227,35.16822957
466,129.0342838,35.15324324
467,129.0290227,35.14975927
468,129.0219328,35.15269309
469,129.0218352,35.15562172
470,129.0610182,35.1470238
471,129.0561424,35.14650109
472,129.0910445,35.19601857
473,129.0815582,35.21248571
474,129.0885537,35.21989519
475,129.0815582,35.21248571
476,129.0662773,35.20492195
477,129.0619116,35.19900372
478,129.0575335,35.19909624
479,129.0694522,35.19945718
480,129.0985954,35.19713148
481,129.1100739,35.19771413
482,129.1042616,35.20476316
483,129.1023964,35.20796221
484,129.1103306,35.14268538
485,129.1103306,35.14268538
486,129.0758545,35.12501279
487,129.0713275,35.14254039
488,129.0758545,35.12501279
489,129.112078,35.13048934
490,129.112078,35.13048934
491,129.112078,35.13048934
492,129.112078,35.13048934
493,129.0806484,35.11684532
494,129.0806484,35.11684532
495,129.0806484,35.11684532
496,129.0758545,35.12501279
497,129.0713275,35.14254039
498,129.0713275,35.14254039
499,129.0713275,35.14254039
500,129.0698891,35.13217998
501,129.0011391,35.20646703
502,128.9994599,35.20165731
503,128.9994599,35.20165731
504,129.0128185,35.25008425
505,129.0137879,35.23278387
506,129.0198418,35.24354283
507,129.0100628,35.2319086
508,129.0166547,35.21246718
509,129.0166547,35.21246718
510,129.0174324,35.20990483
511,129.0166547,35.21246718
512,129.0371975,35.21020186
513,129.0291586,35.21138226
514,129.1581091,35.16289064
515,129.1399895,35.17126033
516,129.1432918,35.15976189
517,129.1642317,35.16253625
518,129.179159,35.16196756
519,129.1742155,35.17087136
520,129.1825979,35.16914897
521,129.1666685,35.17224031
522,129.1762117,35.17790762
523,129.2036651,35.18366128
524,129.1189335,35.20110086
525,129.1301822,35.19588404
526,129.1335091,35.20094394
527,129.1170812,35.20925259
528,129.1479035,35.22516426
529,129.1604216,35.2288433
530,129.1252674,35.18463763
531,129.1253429,35.18964307
532,128.9743668,35.09006699
533,129.004035,35.10338799
534,128.9980708,35.10029629
535,128.9831612,35.09916958
536,128.9642408,35.10398003
537,128.9642408,35.10398003
538,128.9642408,35.10398003
539,128.9743668,35.09006699
540,128.9642408,35.10398003
541,128.9669044,35.08302926
542,128.9726076,35.07784307
543,128.9822134,35.06345122
544,128.9822134,35.06345122
545,128.9878036,35.08190253
546,129.0093563,35.09457106
547,129.0093563,35.09457106
548,129.0991322,35.21832439
549,129.104504,35.21287828
550,129.1039302,35.21719213
551,129.0921293,35.22443288
552,129.0926852,35.22982655
553,129.0926852,35.22982655
554,129.0885537,35.21989519
555,129.0926852,35.22982655
556,129.0809568,35.22772189
557,129.1133307,35.29827862
558,129.0898644,35.27524791
559,129.0922621,35.27165775
560,129.0868929,35.24508388
561,129.0922621,35.27165775
562,129.0561429,35.25033246
563,128.9768151,35.2154531
564,128.9565337,35.17858573
565,128.9352714,35.21451685
566,128.9263222,35.10816461
567,128.9000684,35.08456391
568,128.9018052,35.19641446
569,128.8838176,35.15350337
570,128.8317122,35.05669804
571,129.0756437,35.19184995
572,129.0703235,35.1877633
573,129.071203,35.1842716
574,129.0677668,35.17922258
575,129.0904379,35.18999494
576,129.0793141,35.17994219
577,129.0942297,35.17332657
578,129.0849421,35.18627964
579,129.0760795,35.18447103
580,129.089534,35.17750254
581,129.101007,35.18710311
582,129.1093515,35.18591266
583,129.1103306,35.14268538
584,129.1147366,35.14378905
585,129.1161078,35.17055273
586,129.1048681,35.17338
587,129.1152568,35.17532026
588,129.1124328,35.16288863
589,129.1137884,35.15573867
590,129.113577,35.16792232
591,129.1119328,35.15407687
592,129.1254459,35.15726484
593,128.9777524,35.1769469
594,128.9899793,35.18689377
595,128.9960033,35.18468226
596,128.9832339,35.17036158
597,128.9829685,35.17443563
598,128.9871911,35.16376138
599,128.9794104,35.15424621
600,129.0011395,35.1513298
601,129.0011395,35.1513298
602,129.0014194,35.1473492
603,128.9872965,35.14409959
604,128.9722013,35.12869459
605,129.215854,35.23870835
606,129.2440257,35.31392738
607,129.2322418,35.2639537
608,129.1803297,35.32545606
609,129.1497395,35.27532114
610,128.609144,35.86789027
611,128.6089766,35.86552431
612,128.5957894,35.86664464
613,128.5903726,35.86837099
614,128.5857181,35.872585
615,128.5763502,35.86560009
616,128.5904401,35.85934063
617,128.5895422,35.86404568
618,128.5855541,35.85990986
619,128.5805038,35.8582318
620,128.6043813,35.86163157
621,128.5993654,35.85877065
622,128.6163548,35.88429871
623,128.6127058,35.87997184
624,128.6231335,35.87961148
625,128.6293177,35.88507513
626,128.633088,35.88975397
627,128.6236543,35.87539793
628,128.629306,35.87174927
629,128.6449447,35.88165404
630,128.6412447,35.87814338
631,128.6501255,35.90997222
632,128.6382814,35.8933914
633,128.6496343,35.88993781
634,128.6652541,35.88004045
635,128.6716105,35.8820743
636,128.701619,35.87041127
637,128.6870402,35.87541816
638,128.6442291,35.94019407
639,128.5504851,35.87451029
640,128.5517325,35.8589854
641,128.5504851,35.87451029
642,128.5742846,35.86975443
643,128.5504851,35.87451029
644,128.5690989,35.87627089
645,128.5535428,35.88797897
646,128.5504851,35.87451029
647,128.5504851,35.87451029
648,128.5613092,35.87591823
649,128.5504851,35.87451029
650,128.5504851,35.87451029
651,128.5459421,35.87917822
652,128.5504851,35.87451029
653,128.5504851,35.87451029
654,128.5994394,35.85369532
655,128.5964149,35.8452828
656,128.6010734,35.8437934
657,128.5959656,35.84252045
658,128.5735523,35.84166984
659,128.5867065,35.85530241
660,128.5790986,35.85234957
661,128.5695335,35.84598304
662,128.5878292,35.8432122
663,128.5660755,35.83516389
664,128.5791981,35.83727385
665,128.5689681,35.83998156
666,128.5605897,35.83623374
667,128.5836354,35.88187263
668,128.5999063,35.87917792
669,128.5811815,35.89033245
670,128.5970049,35.88726824
671,128.5894721,35.89206673
672,128.5968963,35.90038306
673,128.6092616,35.90171745
674,128.6083064,35.89348665
675,128.6043828,35.89223068
676,128.6058093,35.88214769
677,128.6185626,35.89375254
678,128.6254807,35.8954181
679,128.6272183,35.91343166
680,128.5971004,35.92134079
681,128.5151917,35.89777248
682,128.5432539,35.92408174
683,128.5487914,35.92148001
684,128.5660409,35.93888969
685,128.5473074,35.94424394
686,128.5506294,35.945815
687,128.5579367,35.93722533
688,128.5504851,35.87451029
689,128.5753968,35.94799486
690,128.6220762,35.85555813
691,128.6310751,35.86228854
692,128.6241678,35.86324002
693,128.641256,35.85807672
694,128.6400264,35.86631189
695,128.6472173,35.85985867
696,128.6506029,35.85550115
697,128.6103256,35.85515752
698,128.6166681,35.86266354
699,128.6381975,35.84393453
700,128.6252168,35.84152275
701,128.6150687,35.84734402
702,128.6154595,35.83212744
703,128.6151442,35.81547489
704,128.620593,35.82945581
705,128.6369781,35.82488119
706,128.6280148,35.82311956
707,128.6459717,35.81779971
708,128.6434302,35.8175281
709,128.7123987,35.83709653
710,128.6951721,35.84342888
711,128.7065951,35.84411061
712,128.5531497,35.84061243
713,128.5554772,35.85370669
714,128.5421686,35.85101621
715,128.5389701,35.85756716
716,128.5300359,35.84334933
717,128.5311457,35.85657495
718,128.5229969,35.85840515
719,128.5106607,35.85164365
720,128.5007816,35.85581547
721,128.4988217,35.85896155
722,128.5430942,35.84097629
723,128.5228514,35.81953108
724,128.5282841,35.83096089
725,128.5228085,35.81218897
726,128.5450287,35.8142592
727,128.5362634,35.81250617
728,128.5502047,35.81006525
729,128.5321751,35.80748122
730,128.5547955,35.82921858
731,128.5455827,35.83278706
732,128.5410465,35.83444217
733,128.5005015,35.80380034
734,128.4199116,35.77433758
735,128.4573136,35.86478193
736,128.4596551,35.69389819
737,128.6228237,35.80270491
738,128.4455222,35.90092399
739,128.4135961,35.65879675
740,126.6250848,37.47036281
741,126.6250848,37.47036281
742,126.6363323,37.46485407
743,126.6379287,37.46807827
744,126.6357384,37.4693798
745,126.6290096,37.47680117
746,126.5315342,37.49424066
747,126.5548607,37.48884196
748,126.4059527,37.43991874
749,126.4059527,37.43991874
750,126.6255088,37.48325934
751,126.6301841,37.48439491
752,126.642681,37.4823106
753,126.6402633,37.47625933
754,126.6427029,37.47580541
755,126.6499316,37.4782021
756,126.6479548,37.4773637
757,126.6398154,37.4725314
758,126.6550944,37.42736073
759,126.6482984,37.42621624
760,126.7013859,37.42244826
761,126.6811964,37.42223335
762,126.6818825,37.41172576
763,126.6920357,37.41929595
764,126.6811964,37.42223335
765,126.6818825,37.41172576
766,126.6818825,37.41172576
767,126.6781298,37.40836112
768,126.6521441,37.39104476
769,126.6349352,37.38806187
770,126.6601823,37.37148716
771,126.7133864,37.45606771
772,126.7133864,37.45606771
773,126.6969439,37.45270016
774,126.7240749,37.44965633
775,126.705293,37.45861748
776,126.7109418,37.46399063
777,126.7145915,37.46612589
778,126.6923838,37.46120472
779,126.7319644,37.44867706
780,126.7311436,37.46140017
781,126.7230485,37.46196172
782,126.7356534,37.45952543
783,126.7311436,37.46140017
784,126.737657,37.44377662
785,126.7473114,37.43591919
786,126.7159485,37.43010313
787,126.7293188,37.40569174
788,126.7163941,37.40422342
789,126.72647,37.39768774
790,126.7199665,37.49427177
791,126.717942,37.48684988
792,126.7082654,37.48602269
793,126.7296478,37.49884619
794,126.7283232,37.49363895
795,126.7265991,37.48515832
796,126.7002286,37.50693468
797,126.7086021,37.50587443
798,126.7094457,37.49073244
799,126.7114453,37.50177284
800,126.7022181,37.52028173
801,126.7045178,37.51485628
802,126.7271188,37.51759564
803,126.7257184,37.51080966
804,126.7374592,37.51843358
805,126.7363354,37.51182313
806,126.7369166,37.48481233
807,126.7371438,37.49483742
808,126.734722,37.50431777
809,126.7469576,37.48459099
810,126.6961542,37.4758144
811,126.7078786,37.47385815
812,126.7121349,37.5324626
813,126.7098171,37.52506874
814,126.7213539,37.53962782
815,126.7281194,37.54423147
816,126.7239177,37.53292681
817,126.7414515,37.54814291
818,126.7296863,37.53082822
819,126.7239177,37.53292681
820,126.7363982,37.5280575
821,126.7341025,37.57687911
822,126.7414515,37.54814291
823,126.7548828,37.56159639
824,126.6736033,37.56441979
825,126.6782356,37.54898947
826,126.6705289,37.52642258
827,126.6444113,37.53251777
828,126.6270743,37.53336889
829,126.6705289,37.52642258
830,126.6705289,37.52642258
831,126.6722978,37.51461991
832,126.674783,37.51120658
833,126.6745991,37.50250601
834,126.6783518,37.50824305
835,126.6722978,37.51461991
836,126.6726306,37.49437353
837,126.6836288,37.4874117
838,126.6798351,37.49247594
839,126.6836288,37.4874117
840,126.6519122,37.4567748
841,126.6591498,37.46485091
842,126.6402641,37.45250879
843,126.6519122,37.4567748
844,126.6402641,37.45250879
845,126.6641269,37.43979548
846,126.6674597,37.44658771
847,126.6739201,37.46097501
848,126.6870472,37.46591559
849,126.6727132,37.45468984
850,126.6739944,37.44489039
851,126.6903086,37.45516317
852,126.6870472,37.46591559
853,126.6923838,37.46120472
854,126.6776679,37.4484072
855,126.6893303,37.44958452
856,126.6968515,37.4442124
857,126.6850245,37.43771915
858,126.4835857,37.74859865
859,126.4848251,37.71334494
860,126.4803439,37.6865846
861,126.4909971,37.64065627
862,126.4198367,37.63167484
863,126.4220966,37.66285235
864,126.3898273,37.71938208
865,126.4116364,37.77491617
866,126.4116364,37.77491617
867,126.4835857,37.74859865
868,126.2830148,37.78452858
869,126.3204111,37.70492761
870,126.4838886,37.25604788
871,126.912838,35.14914143
872,126.9251536,35.15119755
873,126.9196701,35.15853472
874,126.9196701,35.15853472
875,126.9196701,35.15853472
876,126.9361255,35.15455329
877,126.9327147,35.14899546
878,126.9344418,35.14788412
879,126.9231621,35.14495168
880,126.9196701,35.15853472
881,126.9335534,35.13249017
882,126.9351785,35.12530177
883,126.9328391,35.12047279
884,126.9009613,35.15479825
885,126.8940162,35.15745229
886,126.8896764,35.15671922
887,126.8902557,35.15034532
888,126.8803187,35.16433223
889,126.8519408,35.16540413
890,126.8433387,35.14991157
891,126.8646688,35.17088845
892,126.8664254,35.14657534
893,126.8777227,35.1563472
894,126.8825567,35.14685885
895,126.8769124,35.14346053
896,126.8737546,35.14179878
897,126.8302912,35.1144993
898,126.8571438,35.13518236
899,126.857159,35.12898461
900,126.8786696,35.12475001
901,126.8647314,35.17086689
902,126.9164419,35.14054137
903,126.9182653,35.13435206
904,126.9220245,35.13189561
905,126.9067193,35.12935377
906,126.9137869,35.12345327
907,126.9079868,35.14575593
908,126.9026119,35.14750759
909,126.9196701,35.15853472
910,126.8929765,35.14089789
911,126.9039308,35.13827869
912,126.9023183,35.1360889
913,126.8933306,35.13193505
914,126.8942048,35.13469399
915,126.894313,35.10192765
916,126.8771051,35.11157769
917,126.8337418,35.08121477
918,126.9196701,35.15853472
919,126.9092544,35.16833415
920,126.9171208,35.17227872
921,126.9065733,35.15730308
922,126.9196701,35.15853472
923,126.8987243,35.16744247
924,126.9011893,35.18043487
925,126.8646688,35.17088845
926,126.8646688,35.17088845
927,126.8646688,35.17088845
928,126.8646688,35.17088845
929,126.9249436,35.17310045
930,126.9196701,35.15853472
931,126.9368378,35.18149706
932,126.9216295,35.18679176
933,126.9196701,35.15853472
934,126.9289467,35.17104777
935,126.9196701,35.15853472
936,126.9196701,35.15853472
937,126.8994941,35.19925826
938,126.8972751,35.20603728
939,126.8920651,35.1896173
940,126.90814,35.18907172
941,126.9004706,35.19007157
942,126.9500575,35.21498673
943,126.8816453,35.22293235
944,126.879717,35.20916863
945,126.7987219,35.14076898
946,126.7944203,35.139069
947,126.7916489,35.12946657
948,126.800638,35.14520143
949,126.7798104,35.14825523
950,126.8070551,35.16021764
951,126.8097237,35.17179529
952,126.8077319,35.17437272
953,126.8243164,35.22202267
954,126.8424011,35.21950576
955,126.8433431,35.21628376
956,126.8276443,35.18159641
957,126.8218965,35.17326678
958,126.8256132,35.1970391
959,126.7999131,35.17952753
960,126.7447863,35.21961695
961,126.7720386,35.09862986
962,126.760438,35.12458571
963,126.6975759,35.16219313
964,126.7287868,35.18080608
965,126.8407035,35.1955997
966,127.4388252,36.3346003
967,127.4427694,36.33010511
968,127.4380492,36.32332403
969,127.4600469,36.31816957
970,127.4573877,36.32045795
971,127.4615801,36.32814148
972,127.4427694,36.33010511
973,127.4487223,36.33534758
974,127.4414347,36.34701248
975,127.4473951,36.3490522
976,127.432395,36.35773705
977,127.4376434,36.3445518
978,127.4257203,36.34896196
979,127.4221772,36.34059721
980,127.492643,36.34357534
981,127.4678965,36.28182517
982,127.4166577,36.33242309
983,127.4085273,36.33586842
984,127.4124463,36.33893698
985,127.4241902,36.32337762
986,127.4427694,36.33010511
987,127.4424804,36.30971794
988,127.4427694,36.33010511
989,127.4336555,36.31421292
990,127.4103915,36.32518849
991,127.403849,36.3254559
992,127.3867625,36.32582602
993,127.3867625,36.32582602
994,127.3952434,36.31506704
995,127.381111,36.3160826
996,127.4064869,36.3153105
997,127.381111,36.3160826
998,127.3861717,36.30540358
999,127.3789329,36.2999791
1000,127.381111,36.3160826
1001,127.3735854,36.31276838
1002,127.3667142,36.30449518
1003,127.3867625,36.32582602
1004,127.3915366,36.33891359
1005,127.3953851,36.34664022
1006,127.3820623,36.3371383
1007,127.3867625,36.32582602
1008,127.3773826,36.33221111
1009,127.3678069,36.35079168
1010,127.3748551,36.34677397
1011,127.3576,36.35467879
1012,127.3738816,36.36357221
1013,127.366928,36.36030809
1014,127.3494324,36.303525
1015,127.3373761,36.30386783
1016,127.33521,36.29931754
1017,127.3416337,36.25586214
1018,127.3860301,36.35255728
1019,127.3837013,36.35383363
1020,127.3750236,36.36750856
1021,127.399965,36.35344507
1022,127.3166275,36.2995232
1023,127.3389477,36.35313267
1024,127.3184524,36.36826751
1025,127.3184524,36.36826751
1026,127.3207725,36.3894713
1027,127.3078438,36.38678648
1028,127.3473834,36.38921303
1029,127.400376,36.39997202
1030,127.4122627,36.44850876
1031,127.3887699,36.42312075
1032,127.3433291,36.34215104
1033,127.4098957,36.35384398
1034,127.4114105,36.36648042
1035,127.4214605,36.37626094
1036,127.4500177,36.35489637
1037,127.4399673,36.36575867
1038,127.4264209,36.36057198
1039,127.4290877,36.45171887
1040,127.4256635,36.44810847
1041,127.4268567,36.44030378
1042,127.4122627,36.44850876
1043,127.4267661,36.37075217
1044,127.4308339,36.36720859
1045,129.3416298,35.55644956
1046,129.3416298,35.55644956
1047,129.3342258,35.56577316
1048,129.3270402,35.56303237
1049,129.3342258,35.56577316
1050,129.3240313,35.55751469
1051,129.3125167,35.5552709
1052,129.3044818,35.55654214
1053,129.2757126,35.5562851
1054,129.3465872,35.57005634
1055,129.3459954,35.57940997
1056,129.3372275,35.57040045
1057,129.309766,35.57433423
1058,129.3065379,35.5413325
1059,129.3077912,35.53470912
1060,129.3163865,35.54506145
1061,129.3144268,35.52935573
1062,129.3213292,35.54487625
1063,129.316533,35.53635798
1064,129.3322779,35.54361604
1065,129.2660171,35.5499873
1066,129.2660171,35.5499873
1067,129.2938596,35.53529222
1068,129.3267922,35.52652984
1069,129.3184685,35.52440151
1070,129.338325,35.51494612
1071,129.3401335,35.51995697
1072,129.4239741,35.48623044
1073,129.4313636,35.49907835
1074,129.422616,35.4958845
1075,129.4183409,35.50322913
1076,129.4286483,35.51680791
1077,129.4266013,35.50884878
1078,129.4208026,35.53925386
1079,129.4314468,35.52459775
1080,129.4208026,35.53925386
1081,129.3560508,35.62277391
1082,129.3483705,35.6383282
1083,129.3396241,35.62863384
1084,129.4456427,35.61282787
1085,129.3611623,35.57779543
1086,129.3651694,35.59230928
1087,129.3853456,35.5486505
1088,129.3944517,35.53067968
1089,129.3147201,35.43480626
1090,129.1256467,35.56940608
1091,129.2804593,35.41942644
1092,129.2304242,35.56879174
1093,129.3060857,35.49318092
1094,129.3259292,35.34996145
1095,129.2083247,35.46128819
1096,129.2011646,35.65426884
1097,129.1618009,35.64794657
1098,129.0912898,35.59053433
1099,129.157621,35.52373268
1100,126.997419,37.31032321
1101,126.971402,37.29762959
1102,126.9913059,37.30220999
1103,127.0004421,37.29503805
1104,126.9925879,37.29569378
1105,127.0140297,37.29318469
1106,127.006984,37.30050534
1107,127.0165037,37.3017226
1108,127.0096104,37.3056735
1109,127.0214724,37.29054173
1110,127.0119267,37.25905532
1111,127.0130485,37.25335159
1112,127.0119267,37.25905532
1113,126.9941382,37.25806462
1114,126.9860417,37.27260496
1115,126.9862695,37.28510061
1116,126.95219,37.27272948
1117,126.9570599,37.26624746
1118,127.0245834,37.25774325
1119,127.0295858,37.25106447
1120,127.0333246,37.24333522
1121,126.9595415,37.29320113
1122,127.0162896,37.27107289
1123,127.0059472,37.2689357
1124,127.0011951,37.27334373
1125,126.9950117,37.27645132
1126,126.9862695,37.28510061
1127,127.0284523,37.28205608
1128,127.0284523,37.28205608
1129,127.0397941,37.27800894
1130,127.0245834,37.25774325
1131,127.0126749,37.28409156
1132,127.0405297,37.27047239
1133,127.047434,37.27012383
1134,127.0430968,37.25644406
1135,127.047434,37.27012383
1136,127.0532134,37.27346243
1137,127.0805522,37.26634498
1138,127.0563011,37.24695953
1139,127.047406,37.29020621
1140,127.070123,37.29221866
1141,127.0431104,37.25644766
1142,127.1453227,37.44879525
1143,127.1488133,37.44348754
1144,127.1260723,37.44076048
1145,127.1331905,37.4453947
1146,127.1331905,37.4453947
1147,127.1453227,37.44879525
1148,127.1389443,37.43532915
1149,127.128706,37.43729774
1150,127.1553617,37.44938976
1151,127.1500738,37.45221135
1152,127.166567,37.45704391
1153,127.1271497,37.46580748
1154,127.144257,37.48114824
1155,127.1045041,37.4547184
1156,127.1022658,37.42781966
1157,127.1079291,37.42197603
1158,127.1389443,37.43532915
1159,127.1562784,37.44293099
1160,127.1624585,37.44502292
1161,127.1640161,37.44622452
1162,127.1689159,37.45212105
1163,127.166567,37.45704391
1164,127.164381,37.43323859
1165,127.158305,37.43888364
1166,127.1463609,37.42827786
1167,127.1527724,37.41650246
1168,127.1311292,37.3701871
1169,127.1180552,37.37545565
1170,127.1224875,37.37114784
1171,127.1260479,37.36688045
1172,127.1152588,37.36600485
1173,127.1115403,37.36144922
1174,127.1152679,37.36600484
1175,127.1195538,37.36076382
1176,127.126016,37.38290791
1177,127.1346032,37.37605067
1178,127.1272185,37.39959355
1179,127.1218923,37.39960637
1180,127.1302713,37.41205314
1181,127.1273616,37.40943254
1182,127.1379683,37.41084785
1183,127.0987814,37.38986807
1184,127.1163594,37.40612092
1185,127.1108713,37.38854907
1186,127.1070156,37.35158534
1187,127.1117932,37.34927429
1188,127.1227037,37.3402676
1189,127.0777691,37.39047122
1190,127.0427907,37.74077828
1191,127.0487713,37.71199173
1192,127.0430864,37.72647077
1193,127.0542709,37.72639767
1194,127.0542709,37.72639767
1195,127.0579369,37.74365852
1196,127.0868135,37.73112091
1197,127.0581644,37.75029674
1198,127.0306487,37.74626716
1199,127.0323204,37.7601308
1200,127.0476229,37.7464201
1201,127.0899912,37.7397354
1202,126.9258676,37.39914499
1203,126.9178289,37.40509723
1204,126.9258676,37.39914499
1205,126.9337077,37.39144771
1206,126.9337077,37.39144771
1207,126.9337077,37.39144771
1208,126.9091292,37.40366725
1209,126.9178289,37.40509723
1210,126.9178289,37.40509723
1211,126.8994493,37.40919889
1212,126.9091292,37.40366725
1213,126.9091292,37.40366725
1214,126.9258676,37.39914499
1215,126.9501625,37.39610146
1216,126.9455649,37.40405726
1217,126.9470303,37.3937205
1218,126.9501625,37.39610146
1219,126.961462,37.40614667
1220,126.961462,37.40614667
1221,126.9594329,37.39873599
1222,126.9814946,37.38762649
1223,126.964248,37.39039408
1224,126.975576,37.37827999
1225,126.9661425,37.37613323
1226,126.9563302,37.38178484
1227,126.958603,37.36764137
1228,126.952493,37.38975922
1229,126.9563302,37.38178484
1230,126.9661425,37.37613323
1231,126.768027,37.48804004
1232,126.7510401,37.50818796
1233,126.7921439,37.47623128
1234,126.8035197,37.51667525
1235,126.7991353,37.52517152
1236,126.8559242,37.48335773
1237,126.8569341,37.48023427
1238,126.8563183,37.47709801
1239,126.8521617,37.4751476
1240,126.8486404,37.4710877
1241,126.8530661,37.46937236
1242,126.8679106,37.49079965
1243,126.8666221,37.48473262
1244,126.8725508,37.47705897
1245,126.8691663,37.46518356
1246,126.874733,37.46472467
1247,126.8816377,37.45871213
1248,126.8777608,37.46569733
1249,126.8849571,37.45224704
1250,126.8802108,37.43211727
1251,126.8513551,37.41544452
1252,127.0624397,36.96513181
1253,126.9311676,36.98612358
1254,126.8852937,36.98281719
1255,127.0905901,37.10001213
1256,127.0353219,37.10824118
1257,127.0177828,37.04234078
1258,126.9802938,37.00773816
1259,126.9341317,37.03971071
1260,126.9215629,36.967339
1261,127.0731388,37.15232548
1262,127.0524434,37.07643254
1263,127.0948844,37.04443431
1264,127.0637438,37.07989342
1265,127.0637438,37.07989342
1266,127.0523789,37.08394208
1267,127.0524367,37.07645236
1268,127.0926386,36.98997124
1269,127.0804006,36.98927731
1270,127.1121676,37.010946
1271,127.1121676,37.010946
1272,127.1121676,37.010946
1273,127.1121676,37.010946
1274,127.0659065,37.90738328
1275,127.0499055,37.90121428
1276,127.0532303,37.90775008
1277,127.0659065,37.90738328
1278,127.0499055,37.90121428
1279,127.0499055,37.90121428
1280,127.0532303,37.90775008
1281,127.0499055,37.90121428
1282,126.8661548,37.310298
1283,126.8608574,37.30544072
1284,126.8510559,37.29712485
1285,126.8518643,37.28981665
1286,126.8200458,37.29471023
1287,126.8642418,37.28508483
1288,126.872288,37.29628467
1289,126.8638244,37.30144358
1290,126.8610974,37.33196021
1291,126.8610974,37.33196021
1292,126.8376346,37.32382556
1293,126.872288,37.29628467
1294,126.8733238,37.36187728
1295,126.8125044,37.34501218
1296,126.8376346,37.32382556
1297,126.8376346,37.32382556
1298,126.8244035,37.31030108
1299,126.7908594,37.33329495
1300,126.7831459,37.334802
1301,126.796913,37.32791733
1302,126.8168734,37.31000134
1303,126.804411,37.33430926
1304,126.8026619,37.33862409
1305,126.8125044,37.34501218
1306,126.5852851,37.24372019
1307,126.8296137,37.65941302
1308,126.8758454,37.67740745
1309,126.8543481,37.64492593
1310,126.8362985,37.65711868
1311,126.8329262,37.65293971
1312,126.9205623,37.65191768
1313,126.8866085,37.64553077
1314,126.8866085,37.64553077
1315,126.9037479,37.70336002
1316,126.8625539,37.6879882
1317,126.8180768,37.62262306
1318,126.8335407,37.64464974
1319,126.8357201,37.63056861
1320,126.8253215,37.61844802
1321,126.8359058,37.62233025
1322,126.833004,37.6151363
1323,126.8385975,37.6263884
1324,126.8726584,37.60004554
1325,126.8936722,37.58352053
1326,126.8137071,37.67734008
1327,126.7804415,37.6918174
1328,126.7798593,37.67243811
1329,126.7998859,37.66406945
1330,126.7924887,37.64966891
1331,126.7854774,37.64392703
1332,126.7898085,37.65580255
1333,126.7844795,37.65359094
1334,126.7705641,37.64165372
1335,126.7783348,37.64993599
1336,126.8272214,37.70189964
1337,126.7685542,37.68724834
1338,126.7772158,37.68463598
1339,126.7702604,37.67698235
1340,126.7684516,37.69434963
1341,126.7633175,37.6701248
1342,126.7604755,37.67411219
1343,126.7550916,37.68294873
1344,126.7354521,37.67143147
1345,126.7543217,37.69091535
1346,126.9934105,37.43319052
1347,126.9891415,37.4193686
1348,126.9937637,37.42423443
1349,126.9594329,37.39873599
1350,126.9954614,37.44840336
1351,127.0018664,37.42631774
1352,127.1165778,37.63109389
1353,127.1393421,37.61176646
1354,127.1336247,37.60537966
1355,127.1276924,37.60122906
1356,127.1341669,37.5869682
1357,127.1491763,37.59644483
1358,127.1401159,37.59319434
1359,127.1491763,37.59644483
1360,127.2171127,37.58546626
1361,127.1896744,37.72588548
1362,127.3007194,37.65785175
1363,127.1777143,37.65466485
1364,127.2046933,37.6988321
1365,127.1248543,37.70260882
1366,127.3260963,37.70353492
1367,127.3119397,37.55824202
1368,127.2486737,37.65488439
1369,127.2360968,37.64836911
1370,127.2006591,37.62567946
1371,127.187169,37.61633137
1372,127.1694301,37.60768346
1373,127.1694301,37.60768346
1374,127.1219793,37.64627542
1375,127.0731388,37.15232548
1376,127.0634958,37.15465937
1377,127.0545598,37.17662438
1378,127.0407786,37.18829318
1379,127.0717571,37.13864823
1380,127.0717571,37.13864823
1381,126.7885383,37.44304607
1382,126.7818702,37.43555914
1383,126.7845984,37.4061874
1384,126.7980351,37.4363321
1385,126.815314,37.417949
1386,126.8586595,37.38164898
1387,126.7850267,37.34001338
1388,126.7423923,37.3888935
1389,126.7459947,37.34933194
1390,126.7438676,37.34027022
1391,126.7288741,37.3510167
1392,126.7264459,37.35769131
1393,126.7321725,37.36551991
1394,126.8328517,37.4368604
1395,126.8035679,37.3815685
1396,126.7881873,37.37747474
1397,126.8157771,37.36630678
1398,126.9455742,37.35368819
1399,126.943074,37.34634362
1400,126.9385783,37.37336859
1401,126.932715,37.3700244
1402,126.9390239,37.35843341
1403,126.9390239,37.35843341
1404,126.9294689,37.35113698
1405,126.9210113,37.35601701
1406,126.9217977,37.35964867
1407,126.7885383,37.44304607
1408,126.9210113,37.35601701
1409,126.9768957,37.34578922
1410,126.9567638,37.31872019
1411,126.9715839,37.35360539
1412,126.975576,37.37827999
1413,126.9814946,37.38762649
1414,126.9959755,37.38857574
1415,127.2240561,37.51919401
1416,127.2097145,37.53882971
1417,127.214035,37.54139161
1418,127.1984749,37.53518748
1419,127.1981993,37.54219411
1420,127.1981993,37.54219411
1421,127.1850904,37.54902152
1422,127.1616943,37.51622163
1423,127.1524211,37.47720239
1424,127.1941507,37.52214458
1425,127.1708669,37.536629
1426,127.188808,37.56031593
1427,127.1860544,37.56717508
1428,127.2308346,37.27778877
1429,127.2423388,37.32937881
1430,127.1961891,37.14112788
1431,127.3132051,37.16660878
1432,127.3753485,37.16347099
1433,127.2798487,37.23547291
1434,127.2049086,37.23410352
1435,127.1881458,37.23455843
1436,127.2116944,37.25245666
1437,127.2193037,37.23289737
1438,127.1070344,37.27254659
1439,127.127604,37.27242889
1440,127.1076979,37.26657389
1441,127.1154954,37.23145465
1442,127.0683845,37.23797876
1443,127.1189878,37.29675869
1444,127.1174479,37.30157898
1445,127.138456,37.27056055
1446,127.1130949,37.32018778
1447,127.0949543,37.32796342
1448,127.0887769,37.31944715
1449,127.0836675,37.32064294
1450,127.1140184,37.33103532
1451,127.1067354,37.32587379
1452,127.099215,37.34185742
1453,127.0811119,37.30466577
1454,127.086607,37.31028794
1455,127.0690422,37.3164878
1456,126.8375557,37.92191192
1457,126.778354,37.7714159
1458,126.8375557,37.92191192
1459,126.778354,37.7714159
1460,126.778354,37.7714159
1461,126.716245,37.8025424
1462,126.778354,37.7714159
1463,126.8375557,37.92191192
1464,126.917922,37.95415262
1465,126.778354,37.7714159
1466,126.778354,37.7714159
1467,126.778354,37.7714159
1468,126.7513764,37.724101
1469,126.7513764,37.724101
1470,126.7513764,37.724101
1471,126.7436283,37.7171145
1472,127.6432161,37.11251722
1473,127.4868865,37.28366036
1474,127.4040399,37.30624203
1475,127.4907017,37.33907573
1476,127.4411427,37.28290441
1477,127.3579679,37.24892953
1478,127.4923956,37.22988547
1479,127.4801769,37.17167058
1480,127.5220277,37.13246737
1481,127.5464535,37.09431119
1482,127.4411427,37.28290441
1483,127.4524863,37.29037619
1484,127.4361956,37.27583071
1485,127.4379109,37.2821235
1486,127.1724875,37.00102305
1487,127.290892,37.02304494
1488,127.3166635,36.99672519
1489,127.2592894,36.94307505
1490,127.2381421,37.01240726
1491,127.2381421,37.01240726
1492,127.1724628,37.0010375
1493,127.1121676,37.010946
1494,127.4358998,37.12630434
1495,127.3748426,37.07301076
1496,127.3748426,37.07301076
1497,127.2634643,37.08269147
1498,127.2742538,37.00567935
1499,127.2698048,37.00062548
1500,127.2577129,37.01424783
1501,126.5972856,37.69177203
1502,126.7709492,37.60330492
1503,126.6254986,37.65712522
1504,126.5829531,37.65352994
1505,126.552948,37.71510322
1506,126.6312383,37.72014651
1507,126.7166788,37.61963552
1508,126.6716983,37.65229666
1509,126.7166788,37.61963552
1510,126.7220449,37.60217635
1511,126.6713594,37.63972524
1512,126.6236711,37.64647706
1513,126.6830956,37.65133675
1514,126.9570599,37.26624746
1515,126.8153529,37.08982184
1516,126.920344,37.13243127
1517,126.8518643,37.28981665
1518,126.9570599,37.26624746
1519,126.872288,37.29628467
1520,126.7696337,37.20547372
1521,126.7391593,37.21780355
1522,126.7087333,37.16657102
1523,126.9048526,37.16226474
1524,126.8313278,37.07976538
1525,126.9454961,37.0815623
1526,127.0545598,37.17662438
1527,127.0349585,37.21332355
1528,127.0372739,37.20687043
1529,127.0430217,37.21147825
1530,127.0588961,37.20987296
1531,126.984676,37.2243917
1532,127.0349585,37.21332355
1533,127.0719159,37.20652107
1534,127.0723911,37.1968525
1535,127.0588961,37.20987296
1536,127.0719159,37.20652107
1537,127.0719159,37.20652107
1538,126.8187157,37.28124671
1539,127.0896033,37.17334035
1540,127.2298021,37.3890337
1541,127.2879607,37.38524824
1542,127.3312713,37.30465342
1543,127.3312713,37.30465342
1544,127.3070689,37.46666625
1545,127.3017117,37.49416523
1546,127.2572742,37.41091874
1547,127.2572742,37.41091874
1548,127.2581998,37.42589702
1549,126.9843393,37.82371324
1550,127.0499055,37.90121428
1551,126.9767151,37.89812691
1552,126.9836849,37.82462852
1553,127.0386161,37.75064353
1554,127.0323204,37.7601308
1555,127.0803868,37.79689235
1556,127.0661365,37.84417261
1557,127.0467581,37.82168325
1558,127.0689299,37.83777334
1559,127.0901367,37.83722745
1560,127.1393464,37.82361744
1561,127.1999189,37.89828018
1562,127.2286152,37.786218
1563,127.1865414,37.84869596
1564,127.1999189,37.89828018
1565,127.2452807,38.00553538
1566,127.2452807,38.00553538
1567,127.3171074,37.96127399
1568,127.3687898,38.03129642
1569,127.2720852,38.0847718
1570,127.2449473,38.15286817
1571,127.1999189,37.89828018
1572,127.1999189,37.89828018
1573,127.1591661,37.85413464
1574,127.5451571,37.20180145
1575,127.6625442,37.20605966
1576,127.5416031,37.33322408
1577,127.5333001,37.39250365
1578,127.5735064,37.30019725
1579,127.5865625,37.37504032
1580,127.6445052,37.30982242
1581,127.7115091,37.27288957
1582,127.4429901,37.40168838
1583,127.6292947,37.29869557
1584,127.6292947,37.29869557
1585,127.6445052,37.30982242
1586,127.0178681,38.08442954
1587,126.9935883,38.04701735
1588,127.0178681,38.08442954
1589,127.0676803,37.98176371
1590,126.9179699,38.02971099
1591,126.9935883,38.04701735
1592,127.1070379,38.18296678
1593,126.8842718,37.98182715
1594,127.5165557,37.82535111
1595,127.4947045,37.67621904
1596,127.4241417,37.74046263
1597,127.3567864,37.80471518
1598,127.353241,37.81751581
1599,127.5492755,37.8881275
1600,127.4779413,37.48083457
1601,127.4779413,37.48083457
1602,127.415128,37.49584208
1603,127.3232391,37.54249107
1604,127.415128,37.49584208
1605,127.3007194,37.65785175
1606,127.6746249,37.53802503
1607,127.6746249,37.53802503
1608,127.7513615,37.42451735
1609,127.6746249,37.53802503
1610,127.5991591,37.48890186
1611,127.5313486,37.39088881
1612,127.7247153,37.88224016
1613,127.781092,37.91034161
1614,127.7962984,37.75230965
1615,127.7262006,37.86448988
1616,127.5998954,37.73215637
1617,127.6927919,37.89869234
1618,127.6408125,38.02985101
1619,127.8859669,37.98733304
1620,127.7611401,37.8478362
1621,127.6461946,37.79186458
1622,127.7363087,37.88033393
1623,127.7303572,37.87941962
1624,127.7247825,37.8765747
1625,127.7121788,37.88071482
1626,127.7247153,37.88224016
1627,127.7455089,37.8859771
1628,127.7504756,37.87748312
1629,127.7363342,37.87239117
1630,127.7274597,37.87223642
1631,127.7363342,37.87239117
1632,127.741394,37.87646045
1633,127.7423654,37.8585231
1634,127.7262006,37.86448988
1635,127.7189517,37.86791827
1636,127.7279046,37.90588155
1637,127.8172033,37.31262657
1638,127.951929,37.38240893
1639,127.9257069,37.41103436
1640,127.8401895,37.36215062
1641,127.7504941,37.20760205
1642,127.8846678,37.16976548
1643,127.94394,37.33160998
1644,127.9664254,37.31858741
1645,128.0794824,37.23069073
1646,127.947444,37.35294011
1647,127.9468012,37.34561385
1648,127.9601481,37.34124636
1649,127.9532826,37.34125504
1650,127.94394,37.33160998
1651,127.9602531,37.32609794
1652,127.942148,37.34965504
1653,127.9474922,37.3528235
1654,127.9344583,37.35261364
1655,127.940289,37.37144598
1656,127.9552932,37.35530336
1657,127.951929,37.38240893
1658,127.956969,37.34755027
1659,127.983877,37.34259029
1660,127.94394,37.33160998
1661,127.9743083,37.32973118
1662,128.8234287,37.89400024
1663,128.8321009,37.71872261
1664,128.8378044,37.67268374
1665,128.8800538,37.7183755
1666,128.9056233,37.74417221
1667,129.1045083,37.55795753
1668,128.8487218,37.82352788
1669,128.8369415,37.86010611
1670,128.8836519,37.74830905
1671,128.8940617,37.75612004
1672,128.9029792,37.76016705
1673,128.8743953,37.76560876
1674,128.8923882,37.76792274
1675,128.9081828,37.76594915
1676,128.9133982,37.77277219
1677,128.9159659,37.79187142
1678,128.9275645,37.77446361
1679,128.8809833,37.73897568
1680,128.9056233,37.74417221
1681,128.913667,37.76347837
1682,128.8806466,37.78374217
1683,129.107922,37.54843239
1684,129.1288835,37.49971615
1685,129.1076001,37.4894076
1686,129.1063695,37.53576274
1687,129.1002586,37.54580162
1688,129.107922,37.54843239
1689,129.1252231,37.48383082
1690,129.1044624,37.55813582
1691,129.0675969,37.48841756
1692,128.9916501,37.1707981
1693,128.9866925,37.1787625
1694,128.9778837,37.18049913
1695,128.9866925,37.1787625
1696,128.9603583,37.13146361
1697,128.9603583,37.13146361
1698,128.9603583,37.13146361
1699,128.5882386,38.22364916
1700,128.5957185,38.2126947
1701,128.5882181,38.20695194
1702,128.5826423,38.20252318
1703,128.5762912,38.19704519
1704,128.5908484,38.18764605
1705,128.5955389,38.19798503
1706,128.5571033,38.16566081
1707,129.0377106,37.17126514
1708,129.3357137,37.1764584
1709,129.2258233,37.37927669
1710,128.94307,37.34944324
1711,129.1640722,37.34776729
1712,129.1629157,37.44615428
1713,129.2052098,37.14975394
1714,129.0831827,37.3496074
1715,129.1683637,37.44262399
1716,129.1647955,37.44786749
1717,129.1845645,37.43607007
1718,129.1629157,37.44615428
1719,127.8843063,37.68943225
1720,127.9668929,37.77100362
1721,128.0189569,37.86869867
1722,128.0867396,37.81634764
1723,128.1861699,37.71359364
1724,127.7676361,37.61813648
1725,127.6641039,37.68859854
1726,127.8531888,37.70556327
1727,128.3897256,37.7738112
1728,127.9926047,37.49236166
1729,128.062438,37.45940583
1730,128.1560498,37.41251284
1731,128.2188317,37.51221472
1732,128.1101993,37.56095547
1733,128.150415,37.5837464
1734,127.9617721,37.53645435
1735,127.8505507,37.48708012
1736,128.1254125,37.36023105
1737,128.4660679,37.18743521
1738,128.8267994,37.12698492
1739,128.6805306,37.14528721
1740,128.5697765,37.1257334
1741,128.4551932,37.25446453
1742,128.404493,37.1865451
1743,128.3283789,37.23679703
1744,128.2689169,37.27219474
1745,128.2686492,37.28835039
1746,128.3972252,37.36890049
1747,128.4957814,37.3420792
1748,128.3942227,37.42644904
1749,128.4580508,37.50094658
1750,128.3794925,37.61619298
1751,128.4402141,37.60669606
1752,128.553138,37.63738984
1753,128.7061417,37.67363002
1754,128.6616943,37.3797685
1755,128.8516469,37.20427018
1756,128.8218141,37.22772453
1757,128.6421196,37.21221526
1758,128.740622,37.26878344
1759,128.6704905,37.44888911
1760,128.8521096,37.49481521
1761,128.7877946,37.34013393
1762,128.7205041,37.47058595
1763,127.2449473,38.15286817
1764,127.4211855,38.24980537
1765,127.2449473,38.15286817
1766,127.2449473,38.15286817
1767,127.4157109,38.16465095
1768,127.5322612,38.17666064
1769,127.6681888,38.0576718
1770,127.7900174,38.05526386
1771,127.6681888,38.0576718
1772,127.5322612,38.17666064
1773,127.5234338,38.07015881
1774,127.9904304,38.10804053
1775,128.0435,38.20231664
1776,127.9493797,38.20903964
1777,128.1371339,38.2851684
1778,128.1722176,38.07039022
1779,128.0833185,37.96587554
1780,128.2041725,38.12466866
1781,128.319207,37.95556401
1782,128.2084967,38.21835465
1783,128.2599536,37.87408138
1784,128.4668558,38.3783801
1785,128.4525514,38.43613738
1786,128.4275255,38.49414985
1787,128.5251831,38.32876718
1788,128.5882386,38.22364916
1789,128.6240099,38.08067155
1790,128.5852345,38.07152615
1791,128.6410955,38.06056547
1792,128.7231159,38.01900565
1793,128.7594804,37.9692314
1794,128.5908484,38.18764605
1795,127.6039619,36.62270463
1796,127.6584813,36.63613988
1797,127.5488276,36.5535697
1798,127.5013801,36.60885968
1799,127.4961879,36.51780692
1800,127.4881801,36.6397917
1801,127.4932273,36.63167067
1802,127.4988503,36.61800416
1803,127.4932273,36.63167067
1804,127.5013756,36.60886691
1805,127.5080038,36.60698341
1806,127.4336032,36.56061551
1807,127.4241685,36.48653908
1808,127.4811492,36.64018887
1809,127.4736806,36.63137782
1810,127.4588871,36.6335705
1811,127.4767339,36.62773499
1812,127.4720352,36.61732762
1813,127.4891779,36.60870494
1814,127.4799622,36.61827819
1815,127.4720352,36.61732762
1816,127.3245616,36.60918767
1817,127.3573467,36.62114386
1818,127.3756324,36.66464468
1819,127.4325466,36.63551456
1820,127.4437549,36.62617727
1821,127.4330461,36.6288624
1822,127.4578572,36.64470881
1823,127.4260083,36.62666017
1824,127.4537573,36.66617041
1825,127.5414714,36.73871142
1826,127.4544998,36.7423545
1827,127.5414714,36.73871142
1828,127.4868661,36.64917871
1829,127.4826382,36.6583874
1830,127.490867,36.65950721
1831,127.4811517,36.69412832
1832,127.7951595,36.97572776
1833,127.9387379,36.96422706
1834,127.9947858,36.84727103
1835,127.7951595,36.97572776
1836,127.7951595,36.97572776
1837,127.7951595,36.97572776
1838,127.7507682,37.10916741
1839,127.859205,37.02601807
1840,127.9632541,37.02633273
1841,127.9632541,37.02633273
1842,127.9632541,37.02633273
1843,127.9632541,37.02633273
1844,127.8477391,37.10978959
1845,127.9341305,36.98672484
1846,127.9372201,36.96388944
1847,127.9321861,36.96820908
1848,127.9255336,36.97171216
1849,127.9192817,36.97366016
1850,127.9192817,36.97366016
1851,127.9341305,36.98672484
1852,128.121453,37.13240259
1853,128.168689,37.06158051
1854,128.1681917,37.00051749
1855,128.1810322,36.933804
1856,128.164408,36.91202598
1857,128.081868,36.88510084
1858,128.121453,37.13240259
1859,128.2609574,37.18491275
1860,128.2219485,37.14643252
1861,128.2151044,37.16206322
1862,128.2102464,37.13944367
1863,128.2170415,37.13478977
1864,128.2017816,37.13280829
1865,128.2006046,37.1419294
1866,128.223258,37.12836106
1867,128.214448,37.14896936
1868,128.2017816,37.13280829
1869,127.7170711,36.48363886
1870,127.8186369,36.43433467
1871,127.8186369,36.43433467
1872,127.8204404,36.43573528
1873,127.8186369,36.43433467
1874,127.7328852,36.39674806
1875,127.6987231,36.47941142
1876,127.579112,36.44531431
1877,127.5789164,36.44496021
1878,127.6640579,36.57791972
1879,127.7326642,36.55199427
1880,127.5748949,36.3073846
1881,127.6203475,36.28387828
1882,127.7328852,36.39674806
1883,127.7328852,36.39674806
1884,127.7596068,36.32756701
1885,127.7918807,36.34641701
1886,127.6195025,36.24623866
1887,127.5273947,36.27965625
1888,127.5277231,36.16890597
1889,127.7739102,36.17811161
1890,127.8294823,36.25969565
1891,127.9104912,36.22851375
1892,127.9986367,36.21457788
1893,127.9321254,36.19087308
1894,127.914178,36.14881136
1895,127.751012,36.15249797
1896,127.7671906,36.02081362
1897,127.6847941,36.09945048
1898,127.5846374,36.09988009
1899,127.7739102,36.17811161
1900,127.5414714,36.73871142
1901,127.6562594,36.87735023
1902,127.4412836,36.85491806
1903,127.5264192,36.84594624
1904,127.4374076,36.78468065
1905,127.3768384,36.88393708
1906,127.4285932,36.92567138
1907,127.4356163,36.9933747
1908,127.7908874,36.81177158
1909,127.8540266,36.87116287
1910,127.9552092,36.82422905
1911,128.0006581,36.76647482
1912,127.8639815,36.7882493
1913,127.7850431,36.78991385
1914,127.7373547,36.66043863
1915,127.6396745,36.77198393
1916,127.6487004,36.81691783
1917,127.7448775,36.85581911
1918,127.8540266,36.87116287
1919,127.6562594,36.87735023
1920,127.6044817,37.03490211
1921,127.7951595,36.97572776
1922,127.6562594,36.87735023
1923,127.5627578,36.93018281
1924,127.4832968,36.97193917
1925,127.4950414,37.01838619
1926,127.6044817,37.03490211
1927,127.6432161,37.11251722
1928,128.3854292,37.02841095
1929,128.3854292,37.02841095
1930,128.2931996,36.96057097
1931,128.3854292,37.02841095
1932,128.4170974,37.09441877
1933,128.3588102,37.10233431
1934,128.2931996,36.96057097
1935,128.3234364,36.93709229
1936,127.2349989,36.78355232
1937,127.1187358,36.72220125
1938,127.1112557,36.69864223
1939,127.2732622,36.82745281
1940,127.2369383,36.7424801
1941,127.2804915,36.72829551
1942,127.3025879,36.7665641
1943,127.3443049,36.77619352
1944,127.1525431,36.79999768
1945,127.1502384,36.81099417
1946,127.1629711,36.81183165
1947,127.1608334,36.80142854
1948,127.1419717,36.80099478
1949,127.1419717,36.80099478
1950,127.1224818,36.78591379
1951,127.1537493,36.78009954
1952,127.1602816,36.81730955
1953,127.1343688,36.91819387
1954,127.1991662,36.87804376
1955,127.1504473,36.87875701
1956,127.2211657,36.91280881
1957,127.1357825,36.83053498
1958,127.1357825,36.83053498
1959,127.1305026,36.80403025
1960,127.1231885,36.79627226
1961,127.1231885,36.79627226
1962,127.1151092,36.81974889
1963,127.1151092,36.81974889
1964,127.1522109,36.84277193
1965,127.1379402,36.83733225
1966,126.9504413,36.55285616
1967,127.0632023,36.36194881
1968,127.0301604,36.33004006
1969,127.1417153,36.36030262
1970,127.3207725,36.3894713
1971,127.1326578,36.47225278
1972,127.1201041,36.60869321
1973,127.0497096,36.47094999
1974,127.0253023,36.50215583
1975,126.9504413,36.55285616
1976,127.1218708,36.4525288
1977,127.1222004,36.46496813
1978,127.1372734,36.45749372
1979,127.1372734,36.45749372
1980,127.1326578,36.47225278
1981,127.1547037,36.47124307
1982,126.6044368,36.30451586
1983,126.5879586,36.41509084
1984,126.5235232,36.43660333
1985,126.5272358,36.47871467
1986,126.5895604,36.44545831
1987,126.6735747,36.39044006
1988,126.6050676,36.30461076
1989,126.6317091,36.1983157
1990,126.7337978,36.19163262
1991,126.6513957,36.33608707
1992,126.5903321,36.35374743
1993,126.5970746,36.35198964
1994,126.5898081,36.35339237
1995,126.6113896,36.35616803
1996,126.5903321,36.35374743
1997,126.5152167,36.31701923
1998,126.9764101,36.8168214
1999,127.053946,36.7739149
2000,127.0090346,36.73163362
2001,127.0612127,36.79835502
2002,127.012244,36.84977842
2003,127.0328324,36.92842245
2004,126.976724,36.81659438
2005,126.8846128,36.86900666
2006,126.8612505,36.7912882
2007,126.867846,36.75556104
2008,126.9361833,36.80371527
2009,127.0009948,36.78572093
2010,126.9960346,36.77522107
2011,127.0009948,36.78572093
2012,127.0009948,36.78572093
2013,126.9960346,36.77522107
2014,127.0193064,36.75484529
2015,126.4343171,36.93960863
2016,126.4253778,36.75314401
2017,126.3939101,36.71507285
2018,126.3501524,36.81209972
2019,126.4369105,36.86353332
2020,126.4481246,36.78614924
2021,126.5179849,36.8000451
2022,126.5806619,36.81071019
2023,126.5449432,36.71379241
2024,126.5340012,36.66708284
2025,126.4481246,36.78614924
2026,126.4600108,36.78075031
2027,126.4599706,36.7807249
2028,126.4600108,36.78075031
2029,126.4534851,36.76391309
2030,127.0179589,36.15811216
2031,127.0989858,36.12515493
2032,127.0335945,36.20361432
2033,127.0798474,36.2428739
2034,127.1302005,36.278161
2035,127.1412432,36.2956721
2036,127.1281625,36.21609153
2037,127.2005691,36.21347593
2038,127.2648631,36.2059791
2039,127.2326605,36.13853492
2040,127.1587953,36.13682437
2041,127.1068879,36.16741134
2042,127.0627706,36.17353837
2043,127.0871373,36.19933724
2044,127.0871815,36.19906504
2045,127.2463733,36.27274308
2046,127.2380042,36.28749258
2047,127.2380042,36.28749258
2048,127.2463733,36.27274308
2049,126.7133219,36.84387628
2050,126.6910993,36.90714886
2051,126.6271212,36.89318578
2052,126.6448163,36.90799629
2053,126.569633,36.88380394
2054,126.569633,36.88380394
2055,126.7133219,36.84387628
2056,126.7133219,36.84387628
2057,126.7769543,36.81532057
2058,126.6910993,36.90714886
2059,126.6910993,36.90714886
2060,126.6271212,36.89318578
2061,126.6483808,36.8851056
2062,126.6448163,36.90799629
2063,127.5846374,36.09988009
2064,127.4537474,36.13081253
2065,127.5846374,36.09988009
2066,127.5846374,36.09988009
2067,127.5277231,36.16890597
2068,127.5044094,36.04281404
2069,127.4259015,35.97535824
2070,127.370225,36.14431331
2071,127.398337,36.16644318
2072,127.4760109,36.19489335
2073,126.8544674,36.31008234
2074,126.8544674,36.31008234
2075,126.8542285,36.31041549
2076,126.7042179,36.30432763
2077,126.7805272,36.27485739
2078,126.8128252,36.25259157
2079,126.7603641,36.21673492
2080,126.7337978,36.19163262
2081,126.8063026,36.21210121
2082,126.8216113,36.18177069
2083,126.8808519,36.13566995
2084,126.8948341,36.19122273
2085,126.8544674,36.31008234
2086,126.8808519,36.13566995
2087,127.002341,36.25327149
2088,127.0200752,36.2639652
2089,126.7002927,36.01042367
2090,126.6698925,36.0971711
2091,126.706717,36.06199321
2092,126.7439896,35.98582395
2093,126.7002927,36.01042367
2094,126.8808519,36.13566995
2095,126.8808519,36.13566995
2096,126.6698925,36.0971711
2097,126.7337978,36.19163262
2098,126.7337978,36.19163262
2099,126.6698925,36.0971711
2100,126.6698925,36.0971711
2101,126.549521,36.15295303
2102,126.8067597,36.45333937
2103,126.7736807,36.54909575
2104,126.8321346,36.44439494
2105,126.9451215,36.41489515
2106,127.0039026,36.41898099
2107,126.9522108,36.35242148
2108,126.8544674,36.31008234
2109,126.7761099,36.40129568
2110,126.7173567,36.42731937
2111,126.7736807,36.54909575
2112,126.6721782,36.64897645
2113,126.6249637,36.50460413
2114,126.6721782,36.64897645
2115,126.6721782,36.64897645
2116,126.7736807,36.54909575
2117,126.6912619,36.50513656
2118,126.5526425,36.60342281
2119,126.5526425,36.60342281
2120,126.5172314,36.58032731
2121,126.550066,36.60521178
2122,126.610817,36.58780841
2123,126.8210331,36.73144715
2124,126.6751817,36.66449133
2125,126.8677475,36.60128378
2126,126.8677475,36.60128378
2127,126.7736807,36.54909575
2128,126.7736807,36.54909575
2129,126.7611961,36.65863744
2130,126.6654782,36.70145479
2131,126.7021043,36.74533754
2132,126.7021043,36.74533754
2133,126.8210331,36.73144715
2134,126.7976081,36.68712473
2135,126.2299037,36.71313719
2136,126.344424,36.52085643
2137,126.4091154,36.42042442
2138,126.2977126,36.67164415
2139,126.2299037,36.71313719
2140,126.2299037,36.71313719
2141,126.280302,36.86963736
2142,126.280302,36.86963736
2143,127.1406176,35.82349818
2144,127.1480953,35.81705059
2145,127.1583831,35.82439176
2146,127.1348523,35.8092216
2147,127.1522726,35.80952165
2148,127.1486984,35.80575885
2149,127.1248541,35.8145859
2150,127.1164063,35.82165665
2151,127.1153089,35.83108488
2152,127.1402874,35.7980866
2153,127.1352672,35.79554718
2154,127.1216198,35.8007999
2155,127.1223742,35.79639737
2156,127.1142992,35.79691723
2157,127.1299697,35.80589952
2158,127.1195845,35.80692692
2159,127.1103168,35.8065897
2160,127.0978333,35.80392916
2161,127.1314178,35.82794278
2162,127.1566912,35.8374514
2163,127.1463579,35.83985096
2164,127.1613031,35.82804338
2165,127.1206694,35.84534833
2166,127.1331291,35.83742213
2167,127.1430793,35.83857512
2168,127.106246,35.8536571
2169,127.1595584,35.84985613
2170,127.1670429,35.83773307
2171,127.149617,35.86367974
2172,127.120913,35.85711487
2173,127.1156324,35.86487446
2174,127.0692354,35.87447786
2175,126.689252,35.95879824
2176,126.7298456,35.97964292
2177,126.6996047,35.96486288
2178,126.7959896,35.95839268
2179,126.9450112,35.94871553
2180,126.8115589,35.9466155
2181,126.796433,35.95838983
2182,126.7860085,35.98963376
2183,126.8320008,36.03048588
2184,126.7099976,35.99310065
2185,126.6567705,35.95927932
2186,126.7076248,35.98937101
2187,126.7089752,35.98643627
2188,126.7007984,35.97285801
2189,126.7152027,35.97780299
2190,126.7173645,35.98597147
2191,126.7152027,35.97780299
2192,126.7380361,35.9730289
2193,126.7298456,35.97964292
2194,126.7439896,35.98582395
2195,126.7544506,35.96443247
2196,126.7177415,35.96480597
2197,126.6948302,35.96680832
2198,126.6996047,35.96486288
2199,126.689252,35.95879824
2200,126.6838092,35.97379859
2201,126.6567705,35.95927932
2202,126.9644544,36.07452944
2203,126.9162761,35.9386654
2204,126.9450746,36.00446069
2205,126.9103882,36.06007263
2206,126.8769323,36.06448418
2207,126.8808519,36.13566995
2208,126.9523031,36.12002777
2209,127.0098496,36.07807972
2210,127.0206527,36.13258941
2211,127.0529878,35.9930285
2212,127.0529878,35.9930285
2213,127.0878584,35.96636388
2214,126.9725281,35.92866332
2215,126.9840915,36.02027981
2216,126.9931007,36.10963072
2217,126.9524117,35.93978558
2218,126.933404,35.91735358
2219,126.9536279,35.92949025
2220,126.9725281,35.92866332
2221,126.9591419,35.93798197
2222,126.9590686,35.95114729
2223,126.9450112,35.94871553
2224,126.9403549,35.93845717
2225,126.972613,35.95238404
2226,126.9770267,35.9601104
2227,126.984273,35.95537465
2228,126.9613211,35.95982879
2229,127.0115849,35.96503461
2230,126.9894464,35.96271131
2231,126.8439187,35.73387883
2232,126.8922339,35.60922313
2233,126.7931887,35.50375729
2234,126.8378007,35.55012818
2235,126.828434,35.58328207
2236,126.7853275,35.65512144
2237,126.8653039,35.59825434
2238,126.8381774,35.66494873
2239,126.8653039,35.59825434
2240,126.9325351,35.65059637
2241,126.928507,35.71488784
2242,126.9745251,35.64352846
2243,126.993533,35.60258175
2244,127.0302473,35.56822973
2245,127.0420432,35.62145665
2246,126.8503094,35.56968001
2247,126.8565635,35.5675894
2248,126.8687385,35.55737893
2249,126.849321,35.56555354
2250,126.8524417,35.56192066
2251,126.845339,35.56838308
2252,126.828434,35.58328207
2253,126.8378007,35.55012818
2254,127.5289091,35.43980314
2255,127.4000718,35.41982819
2256,127.38455,35.40757566
2257,127.38455,35.40757566
2258,127.3754108,35.4024615
2259,127.3754108,35.4024615
2260,127.2277294,35.34730856
2261,127.3252037,35.43209096
2262,127.4000718,35.41982819
2263,127.3520747,35.51713865
2264,127.4023618,35.51311752
2265,127.4394243,35.31588461
2266,127.4000718,35.41982819
2267,127.5441462,35.53119912
2268,127.6232234,35.41922167
2269,127.6001679,35.46441433
2270,127.3829635,35.41103274
2271,127.38455,35.40757566
2272,127.380274,35.3995855
2273,127.3754108,35.4024615
2274,127.3697569,35.40824376
2275,127.3842113,35.41807345
2276,127.4000894,35.41982092
2277,126.8914509,35.80520697
2278,126.8439187,35.73387883
2279,126.8914509,35.80520697
2280,126.9128327,35.89232718
2281,126.9725281,35.92866332
2282,126.8439187,35.73387883
2283,126.9128327,35.89232718
2284,126.9128327,35.89232718
2285,126.8914509,35.80520697
2286,126.7660757,35.85891994
2287,127.0978333,35.80392916
2288,126.8914509,35.80520697
2289,126.8914509,35.80520697
2290,126.9962115,35.71652771
2291,126.7419752,35.83384098
2292,126.8914509,35.80520697
2293,126.8976163,35.79604563
2294,126.8914509,35.80520697
2295,126.8785354,35.79481206
2296,127.0692354,35.87447786
2297,127.2052813,35.97659189
2298,127.149617,35.86367974
2299,127.1352672,35.79554718
2300,127.0225214,35.8206366
2301,127.2294893,35.85435373
2302,127.1352672,35.79554718
2303,127.2052813,35.97659189
2304,127.2052813,35.97659189
2305,127.2774531,36.09243621
2306,127.2065094,36.03597009
2307,127.2052813,35.97659189
2308,127.2526135,36.02255178
2309,127.3608562,35.83656117
2310,127.5587827,35.97382616
2311,127.5587827,35.97382616
2312,127.6133526,35.78526988
2313,127.4871351,35.82300068
2314,127.3959515,35.68941509
2315,127.3232773,35.70854452
2316,127.3708122,35.73444334
2317,127.3608562,35.83656117
2318,127.3608562,35.83656117
2319,127.4259015,35.97535824
2320,127.6623047,36.00881454
2321,127.8446667,35.96996251
2322,127.78962,36.00817733
2323,127.659391,35.94551819
2324,127.6530467,35.86350493
2325,127.5587827,35.97382616
2326,127.5196494,35.65420429
2327,127.3964218,35.58419029
2328,127.5441462,35.53119912
2329,127.6133526,35.78526988
2330,127.5323295,35.73346043
2331,127.5777254,35.7029416
2332,127.6133526,35.78526988
2333,127.2868737,35.61736409
2334,127.2012688,35.56979601
2335,127.1604401,35.66064605
2336,127.2239496,35.65706934
2337,127.3331255,35.62988652
2338,127.3269718,35.54132448
2339,127.1782858,35.68397136
2340,127.274358,35.50767846
2341,127.2708032,35.67379461
2342,127.1635674,35.53033285
2343,127.1571992,35.51012686
2344,127.3575927,35.5639475
2345,127.0968515,35.3912798
2346,127.1412553,35.41181955
2347,127.2428975,35.44123644
2348,127.1387759,35.33665538
2349,127.0968515,35.3912798
2350,127.0971215,35.39159145
2351,127.0013491,35.50056724
2352,126.9297356,35.43216953
2353,127.2086839,35.39748641
2354,127.1874675,35.36134831
2355,127.102314,35.45297246
2356,126.7030324,35.43445304
2357,126.6786242,35.40991802
2358,126.6754319,35.51291839
2359,126.5115641,35.37759929
2360,126.5115641,35.37759929
2361,126.5115641,35.37759929
2362,126.5390684,35.4609885
2363,126.6466401,35.36437331
2364,126.6033619,35.34101732
2365,126.5510724,35.52428703
2366,126.6754319,35.51291839
2367,126.6754319,35.51291839
2368,126.6754319,35.51291839
2369,126.6754319,35.51291839
2370,126.7239452,35.72621529
2371,126.7110712,35.67189945
2372,126.7388157,35.74956614
2373,126.7239452,35.72621529
2374,126.7239452,35.72621529
2375,126.6712834,35.6121442
2376,126.5284625,35.66348893
2377,126.6054329,35.58764336
2378,126.8439187,35.73387883
2379,126.6784211,35.68625514
2380,126.6620094,35.71554484
2381,126.6776433,35.59113882
2382,126.3917135,34.80594854
2383,126.3997158,34.79955321
2384,126.3916278,34.79456439
2385,126.3866368,34.80911489
2386,126.3771312,34.8130093
2387,126.3771312,34.8130093
2388,126.3836495,34.79920159
2389,126.3827894,34.79290098
2390,126.3920312,34.79096082
2391,126.4016587,34.79032617
2392,126.3827894,34.79290098
2393,126.3802379,34.78343417
2394,126.3751342,34.79986216
2395,126.369531,34.8069777
2396,126.3993533,34.81652469
2397,126.4098556,34.79921521
2398,126.4188224,34.79879774
2399,126.4141706,34.81377647
2400,126.4188224,34.79879774
2401,126.4179004,34.83046203
2402,126.4475899,34.81043626
2403,126.4345302,34.80429725
2404,126.4475899,34.81043626
2405,127.7219298,34.61734836
2406,127.652461,34.77750879
2407,127.5785847,34.88193909
2408,127.6655019,34.76351343
2409,127.7428771,34.74192284
2410,127.7473638,34.74492047
2411,127.7381898,34.73891544
2412,127.7288687,34.74882924
2413,127.7271318,34.74753441
2414,127.7259138,34.74112734
2415,127.7213052,34.73554082
2416,127.719327,34.73003596
2417,127.7117907,34.72615734
2418,127.7088429,34.75070698
2419,127.7027381,34.7545751
2420,127.7043935,34.76894458
2421,127.6945832,34.76933266
2422,127.7464686,34.75369472
2423,127.6655019,34.76351343
2424,127.6736607,34.76050477
2425,127.652461,34.77750879
2426,127.6630467,34.78757966
2427,127.7312501,34.82516624
2428,127.7095949,34.87469019
2429,127.389866,35.01442619
2430,127.4936554,34.92531333
2431,127.4883541,34.99471923
2432,127.4270105,35.10136597
2433,127.380536,35.09339947
2434,127.2350693,35.07678696
2435,127.263839,34.97407904
2436,127.3462521,34.90806179
2437,127.3462521,34.90806179
2438,127.4521839,34.87372782
2439,127.479132,34.9527302
2440,127.479132,34.9527302
2441,127.4827975,34.96395408
2442,127.4837755,34.97088358
2443,127.4985605,34.95008038
2444,127.5107266,34.94832172
2445,127.4973012,34.94185504
2446,127.4879545,34.94139538
2447,127.4840841,34.94813516
2448,127.4867704,34.94847416
2449,127.4864471,34.9560146
2450,127.4936554,34.92531333
2451,127.5207958,34.96233432
2452,127.532478,34.95530954
2453,126.8431606,35.04638025
2454,126.7495113,34.9196905
2455,126.6697944,34.96815688
2456,126.6517537,34.90379792
2457,126.6081414,34.94332979
2458,126.5640554,34.9394731
2459,126.6370529,35.01898049
2460,126.6037904,35.05530265
2461,126.7194019,35.03503509
2462,126.7194019,35.03503509
2463,126.7194019,35.03503509
2464,126.8275516,34.94728721
2465,126.7069491,35.00406591
2466,126.7170336,35.01725897
2467,126.7069491,35.00406591
2468,126.7165804,35.03203867
2469,126.7194019,35.03503509
2470,126.7069491,35.00406591
2471,126.7105629,34.99757203
2472,126.790327,35.02180104
2473,127.532478,34.95530954
2474,127.532478,34.95530954
2475,127.6988697,34.98954001
2476,127.7196701,35.01996372
2477,127.7220134,34.96292616
2478,127.6911373,35.1232837
2479,127.68528,34.93224367
2480,127.6973734,34.94067657
2481,127.7220134,34.96292616
2482,127.723163,34.9372376
2483,127.7495594,34.94348091
2484,126.9818434,35.32041501
2485,126.956905,35.27619802
2486,126.9196701,35.15853472
2487,127.019002,35.23894259
2488,127.0370815,35.24945532
2489,127.0301057,35.29489936
2490,127.0255035,35.34343195
2491,126.9874891,35.36495056
2492,126.9547348,35.34021922
2493,126.9286655,35.30178272
2494,126.8879556,35.27495502
2495,127.2963817,35.28209794
2496,127.3138984,35.27232652
2497,127.2117539,35.23588356
2498,127.2541091,35.13293063
2499,127.2998991,35.12076577
2500,127.3192447,35.15120752
2501,127.3413414,35.29565268
2502,127.1357086,35.27371398
2503,127.2040876,35.2971393
2504,127.1724551,35.25564033
2505,127.1215339,35.23794567
2506,127.4630861,35.20875022
2507,127.488908,35.19199911
2508,127.5438563,35.17823386
2509,127.526238,35.19787443
2510,127.4875088,35.22315872
2511,127.4399499,35.26020204
2512,127.4301543,35.25066145
2513,127.4394243,35.31588461
2514,127.2807222,34.60625655
2515,127.1384547,34.52951379
2516,127.2419648,34.57553732
2517,127.1777942,34.56673957
2518,127.1250827,34.45910274
2519,127.3172983,34.51013068
2520,127.3405342,34.57149805
2521,127.4590589,34.46368109
2522,127.3794736,34.65286022
2523,127.3598697,34.68127132
2524,127.33979,34.72896727
2525,127.3339527,34.77936167
2526,127.2841464,34.77132492
2527,127.2737027,34.64660632
2528,127.4559465,34.6020245
2529,127.4669847,34.502417
2530,127.0800702,34.76842473
2531,127.3462521,34.90806179
2532,127.0681451,34.79922253
2533,127.0875436,34.80098591
2534,127.1518192,34.82945773
2535,127.1869745,34.87059574
2536,127.1312484,34.8930342
2537,127.1724852,34.92929809
2538,127.2476163,34.80849058
2539,127.1686809,34.76218474
2540,127.0853422,34.66875781
2541,127.0202134,34.715965
2542,126.984565,35.05998685
2543,126.984565,35.05998685
2544,126.9600298,34.95064804
2545,126.9702807,34.87630292
2546,126.9883211,34.88778263
2547,126.984565,35.05998685
2548,126.984565,35.05998685
2549,126.8967876,34.937802
2550,127.0710314,35.11042576
2551,127.1290705,35.07116469
2552,127.0385623,35.02990276
2553,126.9026542,34.6797643
2554,126.9389141,34.56155505
2555,126.9396516,34.48177852
2556,126.9140915,34.61488758
2557,126.9739842,34.65000803
2558,126.995282,34.74994302
2559,126.9748129,34.77366585
2560,126.8389854,34.80229004
2561,126.9033892,34.72340298
2562,126.9396516,34.48177852
2563,126.7735217,34.63579942
2564,126.8149887,34.64487651
2565,126.7991767,34.57266422
2566,126.8009476,34.4953497
2567,126.6727844,34.48419676
2568,126.6727844,34.48419676
2569,126.7090637,34.69269071
2570,126.7714056,34.70422121
2571,126.8127236,34.71689364
2572,126.7943879,34.74505512
2573,126.8189399,34.45046154
2574,126.5991879,34.56520505
2575,126.6099607,34.52080598
2576,126.5151915,34.49134271
2577,126.5824015,34.42865762
2578,126.5824015,34.42865762
2579,126.5824015,34.42865762
2580,126.6727844,34.48419676
2581,126.6478615,34.5674465
2582,126.659549,34.64510413
2583,126.5681361,34.62166237
2584,126.4364833,34.5772077
2585,126.4364833,34.5772077
2586,126.3140526,34.59710822
2587,126.3277028,34.67088393
2588,126.7013446,34.79974233
2589,126.4610393,34.80940768
2590,126.6970259,34.81887755
2591,126.748994,34.86309975
2592,126.6926245,34.89027186
2593,126.6070504,34.86858571
2594,126.6436913,34.84514415
2595,126.6504414,34.77951257
2596,126.5758091,34.7259551
2597,126.5758091,34.7259551
2598,126.5758091,34.7259551
2599,126.4763409,34.99056638
2600,126.4610393,34.80940768
2601,126.4610393,34.80940768
2602,126.5020175,34.93070397
2603,126.4179004,34.83046203
2604,126.4119362,35.02141191
2605,126.3945839,35.01291326
2606,126.2946446,35.11009266
2607,126.3432663,34.9622367
2608,126.5202721,35.06537762
2609,126.4315248,35.14285661
2610,126.4978455,35.15562427
2611,126.5375684,35.01691518
2612,126.5159221,35.01034452
2613,126.5313986,35.0689797
2614,126.6090905,35.11387243
2615,126.6011393,35.18055034
2616,126.6322553,35.18010079
2617,126.5128245,35.27323105
2618,126.5128245,35.27323105
2619,126.5115641,35.37759929
2620,126.5775065,35.30143715
2621,126.5128245,35.27323105
2622,126.5128245,35.27323105
2623,126.4750978,35.25782633
2624,126.5128245,35.27323105
2625,126.371795,35.2179388
2626,126.4460191,35.3620555
2627,126.7852672,35.30320309
2628,126.8334297,35.27314544
2629,126.8120859,35.24429642
2630,126.7387971,35.28428454
2631,126.6463837,35.23218663
2632,126.6619599,35.25785988
2633,126.7731157,35.28895781
2634,126.7671686,35.33417547
2635,126.8073337,35.37474467
2636,126.8086886,35.42873239
2637,126.8795158,35.40734356
2638,126.7455384,34.31673633
2639,126.5824015,34.42865762
2640,126.8271914,34.33475693
2641,126.8043307,34.39491226
2642,126.8981823,34.39361284
2643,126.2628835,34.48074957
2644,126.2919911,34.5125151
2645,126.3430066,34.49047696
2646,126.2834744,34.43927968
2647,126.189974,34.40609109
2648,126.1672669,34.42565301
2649,126.2074636,35.06128541
2650,126.3771312,34.8130093
2651,126.1396378,35.00283443
2652,129.3417215,36.10712977
2653,129.2629712,36.13012007
2654,129.3379499,36.19956481
2655,129.3570082,36.22885794
2656,129.210192,36.07241054
2657,129.0957775,36.16019882
2658,129.1663171,36.12852375
2659,129.3685541,36.04938235
2660,129.3503605,36.02527684
2661,129.3632692,36.03114975
2662,129.3576702,36.03830938
2663,129.3617083,36.0546459
2664,129.3800853,36.06092071
2665,129.3858938,36.08198365
2666,129.3918207,36.06823723
2667,129.5016402,35.80737871
2668,129.227014,35.99020732
2669,129.1022521,35.85004322
2670,129.3006486,35.77528478
2671,129.4603812,35.67779021
2672,129.2074977,35.83355355
2673,129.0469438,35.75766375
2674,129.0525267,35.89130366
2675,129.2192474,35.87224405
2676,129.3293961,36.01031506
2677,129.2711748,35.89528365
2678,129.2062629,35.84202444
2679,129.2160051,35.8469342
2680,129.2073599,35.85077686
2681,129.2074977,35.83355355
2682,129.1748421,35.84359944
2683,129.2196863,35.83654387
2684,129.2298178,35.87675703
2685,129.2192474,35.87224405
2686,129.2227692,35.85394996
2687,129.3006486,35.77528478
2688,129.2874336,35.83470703
2689,128.3101934,36.14258846
2690,128.172387,36.10605028
2691,128.189507,36.10791724
2692,128.1861204,36.16773335
2693,128.1810961,36.21423622
2694,128.1187332,36.18042866
2695,128.0602149,36.14149576
2696,128.0221405,36.12449008
2697,128.1255238,36.06597514
2698,128.0990522,36.03490679
2699,128.0477309,36.03253473
2700,128.0266871,35.98480424
2701,127.9550761,35.99018377
2702,127.968778,35.91785801
2703,128.0352283,35.90195597
2704,128.1278479,36.12206348
2705,128.116164,36.12057786
2706,128.1232922,36.11041009
2707,128.116142,36.1354959
2708,128.0892856,36.12451468
2709,128.1423333,36.12000854
2710,128.1837083,36.12141633
2711,128.5720551,36.58015775
2712,128.7131101,36.56911321
2713,128.7022696,36.68504103
2714,128.7131101,36.56911321
2715,128.4903791,36.57652164
2716,128.6672793,36.53517048
2717,128.6672793,36.53517048
2718,128.7694693,36.52619571
2719,128.7694693,36.52619571
2720,128.8944654,36.45599817
2721,128.9175839,36.56885672
2722,128.8851532,36.66129402
2723,128.8333342,36.74193494
2724,128.8333342,36.74193494
2725,128.7131101,36.56911321
2726,128.7330417,36.57667841
2727,128.7496281,36.55921566
2728,128.7174949,36.56433952
2729,128.7139794,36.56113921
2730,128.7131101,36.56911321
2731,128.7131101,36.56911321
2732,128.7017195,36.5615167
2733,128.6942445,36.57038663
2734,128.6925143,36.54095279
2735,128.2990517,36.24296461
2736,128.3285623,36.21089021
2737,128.1974573,36.26074987
2738,128.2788139,36.29588949
2739,128.3308037,36.29954828
2740,128.3912951,36.19983956
2741,128.4950798,36.12590758
2742,128.347169,36.118489
2743,128.332583,36.1405211
2744,128.3457939,36.13943618
2745,128.3101934,36.14258846
2746,128.334427,36.11399986
2747,128.3355132,36.10626316
2748,128.347169,36.118489
2749,128.347169,36.118489
2750,128.3721931,36.11930621
2751,128.3660647,36.10470574
2752,128.3578676,36.09969307
2753,128.3578676,36.09969307
2754,128.4293008,36.10408149
2755,128.418694,36.10606391
2756,128.4258177,36.13695656
2757,128.5228886,36.86311145
2758,128.6562327,36.82180632
2759,128.6298883,36.81847991
2760,128.6304318,36.77212994
2761,128.5787537,36.77477332
2762,128.5566818,36.84590757
2763,128.5250299,36.86139549
2764,128.5228886,36.86311145
2765,128.6194859,36.95130309
2766,128.6541603,36.97887804
2767,128.6283306,36.82810598
2768,128.6283306,36.82810598
2769,128.6237104,36.82820161
2770,128.6187668,36.82060778
2771,128.6298883,36.81847991
2772,128.6217682,36.81009986
2773,128.6258492,36.81783604
2774,128.6035544,36.81593047
2775,128.6186866,36.82073771
2776,128.8365855,35.94659465
2777,128.8365855,35.94659465
2778,128.7897472,36.04530305
2779,128.8365855,35.94659465
2780,128.9193972,36.10828185
2781,128.8890988,36.05914345
2782,129.0183264,36.07843746
2783,128.9739922,36.02107306
2784,129.0458506,36.00156791
2785,129.0091378,35.91533488
2786,128.8936992,35.87596863
2787,128.9425507,35.9745002
2788,128.9297999,35.97338865
2789,128.8365855,35.94659465
2790,128.9396197,35.96485024
2791,128.9351774,35.94146508
2792,128.1802635,36.59042793
2793,128.2167191,36.48004054
2794,128.1697749,36.41531648
2795,128.1599552,36.40364009
2796,128.0924404,36.28342772
2797,128.1599552,36.40364009
2798,128.1525991,36.41549433
2799,127.9593674,36.32009911
2800,127.9600717,36.34247161
2801,127.9541214,36.38955883
2802,127.9513968,36.44545086
2803,127.9172195,36.56329698
2804,128.1577639,36.4290476
2805,128.0715432,36.53172904
2806,128.1585975,36.51206762
2807,128.1802635,36.59042793
2808,127.8186369,36.43433467
2809,128.1525991,36.41549433
2810,128.1577639,36.4290476
2811,128.1643284,36.42209925
2812,128.169164,36.41740224
2813,128.1697749,36.41531648
2814,128.1599552,36.40364009
2815,128.1070443,36.73729641
2816,128.0620553,36.6426947
2817,128.2065238,36.60298832
2818,128.2065238,36.60298832
2819,128.2065238,36.60298832
2820,128.2594001,36.65607682
2821,128.3149803,36.77337766
2822,128.1166881,36.69260302
2823,128.0028924,36.60094549
2824,128.1977705,36.59863247
2825,128.1962876,36.59001856
2826,128.2065238,36.60298832
2827,128.1823105,36.60550897
2828,128.1802635,36.59042793
2829,128.8365855,35.94659465
2830,128.8936992,35.87596863
2831,128.8365151,35.94632991
2832,128.7401792,35.81981385
2833,128.8759224,35.79325944
2834,128.7391131,35.8136998
2835,128.7268571,35.76663003
2836,128.7340089,35.82709585
2837,128.7400287,35.82001788
2838,128.7391122,35.81371243
2839,128.7279138,35.82054954
2840,128.7258654,35.82752849
2841,128.7466969,35.83338668
2842,128.7536795,35.81024946
2843,128.5685997,36.24017504
2844,128.5685997,36.24017504
2845,128.5854288,36.1568971
2846,128.6642008,36.10090431
2847,128.6618018,36.19501916
2848,128.7153629,36.17590111
2849,128.6948837,36.1230808
2850,128.6948034,36.35591326
2851,128.6742722,36.4220811
2852,128.7679215,36.42408274
2853,128.8100049,36.39282033
2854,128.7878528,36.30629651
2855,128.8117437,36.23756457
2856,128.7246435,36.23413059
2857,128.6810624,36.26138331
2858,128.5685997,36.24017504
2859,128.4902015,36.33736068
2860,128.4326484,36.34738555
2861,128.381616,36.37597837
2862,128.4048097,36.3875302
2863,128.4402133,36.38385376
2864,128.3015222,36.50944388
2865,128.5024552,36.47363438
2866,128.5841885,36.37675766
2867,128.4616559,36.43104799
2868,129.0567061,36.43408106
2869,129.0633219,36.34460202
2870,129.0168698,36.29069276
2871,128.8959565,36.27590528
2872,128.9599744,36.28894158
2873,129.037808,36.46304254
2874,129.0467209,36.52944244
2875,129.1141747,36.6670409
2876,129.090345,36.59325739
2877,129.0623772,36.66121751
2878,129.1287432,36.70236163
2879,129.2025899,36.76522531
2880,129.1247224,36.55805308
2881,129.3728193,36.40948188
2882,129.3785909,36.36180798
2883,129.3725162,36.28591366
2884,129.3032767,36.39906686
2885,129.281783,36.44849533
2886,129.4142578,36.50894392
2887,129.4071935,36.53753604
2888,129.4106638,36.60234615
2889,129.3482371,36.54626194
2890,128.7061574,35.64984102
2891,128.7438252,35.65071077
2892,128.6589184,35.64183553
2893,128.6182281,35.63888545
2894,128.5892528,35.687293
2895,128.67055,35.66326297
2896,128.889853,35.69191264
2897,128.889853,35.69191264
2898,128.889853,35.69191264
2899,128.2676584,35.73062219
2900,128.2904721,35.76903744
2901,128.3599192,35.74990591
2902,128.4573136,35.86478193
2903,128.3503204,35.70796073
2904,128.3420962,35.67795264
2905,128.2419,35.67981747
2906,128.2892916,35.91895321
2907,128.2892916,35.91895321
2908,128.3368448,35.83626397
2909,128.1923872,35.83292863
2910,128.1662085,35.8844023
2911,128.1757919,35.919585
2912,128.2892916,35.91895321
2913,128.2892916,35.91895321
2914,128.2892916,35.91895321
2915,128.2892916,35.91895321
2916,128.3977095,35.98902857
2917,128.3578676,36.09969307
2918,128.4007937,36.06681194
2919,128.5534991,35.98403379
2920,128.5534991,35.98403379
2921,128.5388855,36.08596306
2922,128.3578676,36.09969307
2923,128.3827126,35.98643404
2924,128.4090262,36.68874869
2925,128.4090262,36.68874869
2926,128.4090262,36.68874869
2927,128.4090262,36.68874869
2928,128.5264556,36.72112577
2929,128.5108929,36.665305
2930,128.4903791,36.57652164
2931,128.4090262,36.68874869
2932,128.2065238,36.60298832
2933,128.3665227,36.60839012
2934,128.3903506,36.54831232
2935,128.3015222,36.50944388
2936,128.7396346,36.88766653
2937,128.7357948,36.97518232
2938,128.8180458,36.88592658
2939,128.9183026,36.94033157
2940,128.9148854,36.93510717
2941,129.0030909,36.93770964
2942,128.9618468,36.81603104
2943,128.900016,36.85884566
2944,128.7551857,36.83377157
2945,129.0651607,37.04866034
2946,129.4030501,36.99720028
2947,129.4413498,36.72806829
2948,129.3730915,37.10485446
2949,129.3944916,36.96281251
2950,129.451454,36.79818158
2951,129.3454224,36.72405059
2952,129.4222747,37.05975744
2953,129.4393408,36.67849377
2954,129.2471729,36.93558914
2955,129.3822761,36.91318959
2956,130.9097707,37.49213037
2957,130.8387122,37.46835748
2958,130.8746004,37.54073833
2959,128.6823919,35.28470137
2960,128.607041,35.34778039
2961,128.7087,35.33102567
2962,128.6228629,35.26203084
2963,128.6128296,35.25542386
2964,128.6418667,35.25413656
2965,128.6675724,35.25192575
2966,128.650474,35.23268302
2967,128.6736888,35.22109171
2968,128.6871933,35.2162395
2969,128.7087666,35.21586475
2970,128.7004508,35.21288889
2971,128.6950622,35.18969137
2972,128.6154296,35.16610421
2973,128.6603518,35.15051823
2974,128.6603518,35.15051823
2975,128.6773783,35.15387957
2976,128.6868974,35.15434399
2977,128.686893,35.15434405
2978,128.7000317,35.15863404
2979,128.6999263,35.14934929
2980,128.7054538,35.14711226
2981,128.7037555,35.14333658
2982,128.7073218,35.13757981
2983,128.7496434,35.11131642
2984,128.782705,35.1258741
2985,128.8148067,35.10120179
2986,128.1641405,35.16851386
2987,128.0654019,35.17379573
2988,128.1066589,35.15996035
2989,128.1503738,35.17487155
2990,128.2703589,35.18869323
2991,128.277171,35.17128273
2992,128.3263285,35.16919969
2993,128.2703606,35.18873106
2994,128.2696237,35.23505362
2995,128.169386,35.26430267
2996,128.1479563,35.21401782
2997,128.0863407,35.23902594
2998,128.11539,35.29922356
2999,128.0403474,35.219551
3000,127.9609395,35.23262741
3001,127.9321695,35.19859898
3002,128.0854889,35.18314413
3003,128.0782629,35.19576742
3004,128.086194,35.19207691
3005,128.0749486,35.1995535
3006,128.1118144,35.18007703
3007,128.1118144,35.18007703
3008,128.1118144,35.18007703
3009,128.1145727,35.20455975
3010,128.0654019,35.17379573
3011,128.0690109,35.18450747
3012,128.0617055,35.19283037
3013,128.0545318,35.16685075
3014,128.1066589,35.15996035
3015,128.1503738,35.17487155
3016,128.4059659,34.83042675
3017,128.4423992,34.86772162
3018,128.3619085,34.90323146
3019,128.4255799,34.85705025
3020,128.4135993,34.83704044
3021,128.4197765,34.84257103
3022,128.426973,34.8465499
3023,128.4302496,34.84307562
3024,128.4255799,34.85705025
3025,128.4059659,34.83042675
3026,128.4243196,34.82960393
3027,128.4324261,34.85738439
3028,128.1066589,35.15996035
3029,128.1238024,35.05590151
3030,128.0630581,34.97030917
3031,128.0630581,34.97030917
3032,128.1066589,35.15996035
3033,127.9596306,35.05749892
3034,127.941593,35.11193815
3035,128.0630581,34.97030917
3036,128.0687051,34.92857459
3037,128.0721703,34.92976988
3038,128.0786879,34.93104977
3039,128.093465,34.93384521
3040,128.0630581,34.97030917
3041,128.7087,35.33102567
3042,128.8646582,35.23521362
3043,128.692098,35.22804818
3044,128.7087,35.33102567
3045,128.8492754,35.32814548
3046,128.9074559,35.24385029
3047,128.9768151,35.2154531
3048,128.8834639,35.23683917
3049,128.8782903,35.23154582
3050,128.8865592,35.22872805
3051,128.8646582,35.23521362
3052,128.8677319,35.26252259
3053,128.8710007,35.22289201
3054,128.8998396,35.22890598
3055,128.9074559,35.24385029
3056,128.9267488,35.22207494
3057,128.8128397,35.2012148
3058,128.7977424,35.19710336
3059,128.8060933,35.17767708
3060,128.8377363,35.39582671
3061,128.7087,35.33102567
3062,128.7530887,35.48317293
3063,128.7530887,35.48317293
3064,128.8149178,35.50266092
3065,128.880855,35.58426033
3066,128.8759724,35.51526559
3067,128.7530887,35.48317293
3068,128.6729172,35.42162818
3069,128.7530887,35.48317293
3070,128.6244499,35.54891108
3071,128.7541679,35.49369375
3072,128.7530887,35.48317293
3073,128.7530887,35.48317293
3074,128.7645737,35.47874115
3075,128.757154,35.51098518
3076,128.6921312,34.86600909
3077,128.6379611,34.86806688
3078,128.6101474,34.73217452
3079,128.6232646,34.88255464
3080,128.4324261,34.85738439
3081,128.6094431,34.88944394
3082,128.646404,34.88785291
3083,128.646404,34.88785291
3084,128.6822378,34.98652582
3085,128.7271948,34.86736896
3086,128.6921312,34.86600909
3087,128.6960163,34.89011963
3088,128.6960163,34.89011963
3089,128.6094431,34.88944394
3090,128.6232646,34.88255464
3091,128.6379611,34.86806688
3092,128.646404,34.88785291
3093,129.026202,35.34516107
3094,129.0618609,35.32351985
3095,128.9188177,35.36472915
3096,129.0643634,35.41835569
3097,129.0869955,35.48925945
3098,129.040869,35.3458424
3099,129.026202,35.34516107
3100,129.0406069,35.35282166
3101,129.026202,35.34516107
3102,129.1731762,35.41628189
3103,129.1731762,35.41628189
3104,129.1731762,35.41628189
3105,129.1731762,35.41628189
3106,128.2604568,35.32122782
3107,128.245287,35.32674935
3108,128.1926405,35.34143372
3109,128.1082774,35.37191026
3110,128.2108338,35.2777133
3111,128.2911616,35.34820467
3112,128.3263455,35.3805462
3113,128.3859834,35.3824867
3114,128.3246078,35.46641023
3115,128.2661996,35.47232206
3116,128.2490017,35.44736739
3117,128.313599,35.43325685
3118,128.4081731,35.27221525
3119,128.5185382,35.30884638
3120,128.4237094,35.24207398
3121,128.3450618,35.26156138
3122,128.3554227,35.31542647
3123,128.4315757,35.35020538
3124,128.4979563,35.33357971
3125,128.5216988,35.34672943
3126,128.4243001,35.27928509
3127,128.4345211,35.21023295
3128,128.472871,35.6137512
3129,128.5151517,35.43638219
3130,128.472871,35.6137512
3131,128.4939858,35.62872493
3132,128.4720888,35.61370309
3133,128.3878275,35.57704718
3134,128.4111369,35.50809146
3135,128.4678579,35.55558407
3136,128.5129184,35.46884663
3137,128.527939,35.45364684
3138,128.4729105,35.4581557
3139,128.5151517,35.43638219
3140,128.5689848,35.38702557
3141,128.6029078,35.43488477
3142,128.3193362,34.97806274
3143,128.2738175,34.93689559
3144,128.093465,34.93384521
3145,128.093465,34.93384521
3146,128.1864079,34.9997538
3147,128.3192524,34.9780312
3148,128.2055021,35.05408776
3149,128.2376567,35.10782747
3150,128.2589831,35.0987319
3151,128.3350245,35.08792487
3152,128.3732729,35.06033298
3153,128.3192524,34.9780312
3154,128.4210477,35.04142533
3155,128.3192524,34.9780312
3156,127.8886825,34.91086912
3157,127.9546742,34.79943267
3158,127.9854202,34.72381127
3159,128.000998,34.83099393
3160,128.046041,34.71202061
3161,127.8866443,34.77154313
3162,127.8383191,34.81005716
3163,127.8742397,34.89566155
3164,127.8664098,34.93760922
3165,128.0687051,34.92857459
3166,127.7452608,35.07212725
3167,127.6254478,35.18838207
3168,127.708932,35.16232066
3169,127.7769367,35.08320608
3170,127.8139994,35.10976154
3171,127.8869015,34.97271506
3172,127.8869015,34.97271506
3173,127.9009112,35.03047465
3174,127.8457383,35.04730866
3175,127.8928514,35.1146973
3176,127.7105635,35.16767585
3177,127.8795404,35.1829312
3178,127.7911534,34.96190414
3179,127.8774615,35.4133339
3180,127.9278108,35.46368157
3181,127.8619632,35.45867918
3182,127.8328935,35.49315718
3183,127.8631724,35.41717541
3184,127.8317356,35.29822993
3185,127.8405765,35.27840853
3186,127.9576541,35.29885945
3187,127.9733997,35.30382065
3188,128.0451464,35.34489367
3189,128.0066151,35.38281141
3190,127.7266357,35.5193304
3191,127.6630488,35.39694209
3192,127.7502339,35.4806813
3193,127.7922981,35.46618298
3194,127.7879441,35.52225588
3195,127.7742383,35.56618357
3196,127.8112692,35.62865728
3197,127.6954544,35.6476214
3198,127.6859086,35.68336796
3199,127.6353226,35.55318446
3200,127.6821314,35.52847155
3201,127.9164145,35.68779121
3202,127.9164145,35.68779121
3203,127.917749,35.80538318
3204,127.871426,35.81484112
3205,127.8192542,35.77741383
3206,127.8331163,35.74963254
3207,127.854635,35.7012002
3208,127.9101979,35.6431996
3209,127.9435959,35.66772323
3210,127.9251459,35.56772638
3211,128.0147121,35.71097016
3212,127.9932327,35.76277541
3213,128.1579013,35.56600736
3214,128.0418391,35.62606189
3215,128.113329,35.6584165
3216,128.1394704,35.7626468
3217,128.1677427,35.70520261
3218,128.2180315,35.57233624
3219,128.2652918,35.55997482
3220,128.2822665,35.57595263
3221,128.3590413,35.61522612
3222,128.3217514,35.55941586
3223,128.2785755,35.54762844
3224,128.1745197,35.51658477
3225,128.1454782,35.44160046
3226,128.1218459,35.4144222
3227,128.0336785,35.43517402
3228,128.0142446,35.52118619
3229,128.1133598,35.54066218
3230,126.2619048,33.41270602
3231,126.2619048,33.41270602
3232,126.8518992,33.52214424
3233,126.5855994,33.52188579
3234,126.5263428,33.51507374
3235,126.5382869,33.51163148
3236,126.5269769,33.5069402
3237,126.5352909,33.49704694
3238,126.5173624,33.5041154
3239,126.5222108,33.51173641
3240,126.5132665,33.5090978
3241,126.5116818,33.51147176
3242,126.531518,33.51503211
3243,126.5654667,33.52021738
3244,126.5855994,33.52188579
3245,126.5946872,33.49172327
3246,126.5452693,33.47633645
3247,126.5115799,33.49512912
3248,126.4968864,33.48815873
3249,126.4771916,33.48307878
3250,126.4321752,33.49285588
3251,126.4580993,33.4997988
3252,126.4682306,33.50290088
3253,126.2518113,33.22666983
3254,126.7206699,33.27989562
3255,126.9558607,33.50713931
3256,126.3978768,33.25428128
3257,126.8309821,33.32671611
3258,126.5660148,33.2450169
3259,126.5652487,33.24586537
3260,126.5694834,33.24881581
3261,126.5612816,33.24781699
3262,126.6155618,33.26330272
3263,126.5866444,33.26876038
3264,126.5688722,33.25790212
3265,126.5601753,33.25596382
3266,126.5113574,33.24811414
3267,126.4777738,33.25052024
3268,126.4336393,33.25333129
3269,126.3978768,33.25428128
